Company ISIN,Company Name,Review ID,Summary,Pros,Cons,Rating,Review Link,Job Title,Review DateTime,Employment Status,Is Current Employee,Years Of Employment,Location,Advice To Management,Helpful Count,Not Helpful Count,Business Outlook Rating,Career Opportunities Rating,CEO Rating,Compensation And Benefits Rating,Culture And Values Rating,Diversity And Inclusion Rating,Recommend To Friend Rating,Senior Management Rating,Work Life Balance Rating,Language,Company ID,Extraction Page,Extraction Language,Extraction Employment Status,Extraction Timestamp
AEA000801018,Abu Dhabi Islamic Bank,100009643,Worst ever place I worked for,"Top down culture, everyday everybody from CEO down to cleaner belittled or disrespected in some way.",Pay was on time if thats a con,1,https://www.glassdoor.com/Reviews/Employee-Review--RVW100009643.htm,Technical Architect,2025-09-15T05:44:30.603Z,REGULAR,FALSE,1,"Abu Dhabi, Abu Dhabi","Be human first.. 
you are screwing your religion by displaying the most anti sunnah behaviour.. though I know most of you it is not an issue.",0,0,NEGATIVE,1,,1,1,1,NEGATIVE,1,1,eng,602454,1,en,REGULAR,2025-09-30T21:03:23.050569
AEA000801018,Abu Dhabi Islamic Bank,99991665,Work culture,Good work life balance and flat structure where senior management is accessible,Compensation policy is not up best practices,3,https://www.glassdoor.com/Reviews/Employee-Review--RVW99991665.htm,Head of Business Planning and Reporting (FP&A),2025-09-14T02:06:42.513Z,REGULAR,TRUE,6,"Abu Dhabi, Abu Dhabi",,0,0,,,,,,,,,,eng,602454,1,en,REGULAR,2025-09-30T21:03:23.050569
AEA000801018,Abu Dhabi Islamic Bank,98142965,Customer Service Representative,Customer Service Representative ADIB BANK,A D I B Bank,3,https://www.glassdoor.com/Reviews/Employee-Review--RVW98142965.htm,Customer Service Representative,2025-06-19T01:06:27.497Z,REGULAR,FALSE,4,,raise the salaries employeers suffering so much,0,0,,,,,,,,,,eng,602454,1,en,REGULAR,2025-09-30T21:03:23.050569
AEA000801018,Abu Dhabi Islamic Bank,98118920,Great Emplyer,"Learning, 
good management
Exposure to new technologies",None untill your manager is fine,4,https://www.glassdoor.com/Reviews/Employee-Review--RVW98118920.htm,Project Manager,2025-06-18T04:03:44.913Z,REGULAR,FALSE,6,"Abu Dhabi, Abu Dhabi",,0,0,POSITIVE,4,,4,4,4,POSITIVE,3,3,eng,602454,1,en,REGULAR,2025-09-30T21:03:23.050569
AEA000801018,Abu Dhabi Islamic Bank,95851716,Hdhdjdhjdhejdhjejejehd hehdjdbjdhd,Good muslimc bankheuehjehdhed is hs ei,Bad with pay too much work,3,https://www.glassdoor.com/Reviews/Employee-Review--RVW95851716.htm,Operations Officer,2025-03-15T03:35:27.753Z,REGULAR,FALSE,1,Dubai,No advices maybe raise pay,0,0,,3,,4,3,4,,3,1,eng,602454,1,en,REGULAR,2025-09-30T21:03:23.050569
AEA000801018,Abu Dhabi Islamic Bank,95664375,Good,Working as a full-time employee in a bank gives you all sorts of financial benefits without any charges.,Salary increments are very low annually.,5,https://www.glassdoor.com/Reviews/Employee-Review--RVW95664375.htm,IOS Engineer,2025-03-09T05:02:13.197Z,REGULAR,TRUE,4,"Abu Dhabi, Abu Dhabi",,0,0,POSITIVE,5,,5,5,5,POSITIVE,4,5,eng,602454,1,en,REGULAR,2025-09-30T21:03:23.050569
AEA000801018,Abu Dhabi Islamic Bank,95620216,Very difficult to get increments once onboarded,"The insurance is really good and you will be eligible for personal, car and housing loans at very good rates",HR will find some excuse to not provide you increments. unless you are local the only way to get an increment is to find another job,2,https://www.glassdoor.com/Reviews/Employee-Review--RVW95620216.htm,Project Lead,2025-03-07T00:22:31.390Z,REGULAR,FALSE,4,"Abu Dhabi, Abu Dhabi",Align with best global practices. have a proper career plan for your employees.,0,0,,1,,2,1,2,NEGATIVE,2,3,eng,602454,1,en,REGULAR,2025-09-30T21:03:23.050569
AEA000801018,Abu Dhabi Islamic Bank,95515838,Good,"Good team leaders, strong training .",The cons just the career growth,4,https://www.glassdoor.com/Reviews/Employee-Review--RVW95515838.htm,Call Center Agent,2025-03-03T23:15:11.933Z,REGULAR,TRUE,2,Dubai,,0,0,,,,,,,,,,eng,602454,1,en,REGULAR,2025-09-30T21:03:23.050569
AEA000801018,Abu Dhabi Islamic Bank,95348486,Good work life balance,"Excellent working environment, good salary",Pressure job but management support you,4,https://www.glassdoor.com/Reviews/Employee-Review--RVW95348486.htm,Sales Associate,2025-02-25T14:35:23.120Z,REGULAR,TRUE,1,Dubai,,0,0,,3,,4,4,5,POSITIVE,3,3,eng,602454,1,en,REGULAR,2025-09-30T21:03:23.050569
AEA000801018,Abu Dhabi Islamic Bank,94879634,Good bank to start with,High commission paid + friendly environment,Long hours should be done to achieve good money,5,https://www.glassdoor.com/Reviews/Employee-Review--RVW94879634.htm,Islamic Finance and Banking,2025-02-07T12:38:39.313Z,REGULAR,TRUE,4,Dubai,,0,0,POSITIVE,5,,5,5,4,POSITIVE,4,2,eng,602454,1,en,REGULAR,2025-09-30T21:03:23.050569
AEA000801018,Abu Dhabi Islamic Bank,94599111,H,Comfortable environment at adib as usual,Nothing make me down iam happy there,3,https://www.glassdoor.com/Reviews/Employee-Review--RVW94599111.htm,Relationship Manager,2025-01-25T11:46:38.217Z,REGULAR,TRUE,4,"Abu Dhabi, Abu Dhabi",,0,0,POSITIVE,3,,3,3,3,POSITIVE,3,3,eng,602454,2,en,REGULAR,2025-09-30T21:03:23.734994
AEA000801018,Abu Dhabi Islamic Bank,92758953,Good,Supportive environment and amazing worload,Banking industry field and must wear formal,4,https://www.glassdoor.com/Reviews/Employee-Review--RVW92758953.htm,Senior Application Support Engineer,2024-11-12T00:11:48.923Z,REGULAR,TRUE,20,"Cairo, Cairo Governorate",To listen to their employees ,0,0,,4,,,,,,,,eng,602454,2,en,REGULAR,2025-09-30T21:03:23.734994
AEA000801018,Abu Dhabi Islamic Bank,91711977,Best Bank,Working in ADIB is good and one of the best bank in the country.,There is no downside in adib,5,https://www.glassdoor.com/Reviews/Employee-Review--RVW91711977.htm,Loan Processor,2024-10-07T19:46:18.923Z,REGULAR,TRUE,2,Dubai,,0,0,,5,,4,5,5,POSITIVE,3,4,eng,602454,2,en,REGULAR,2025-09-30T21:03:23.734994
AEA000801018,Abu Dhabi Islamic Bank,91218415,Cbe reporting &amp; collection admin,good place to learn new things &amp; good medical insurance,The promotion system is bad.,3,https://www.glassdoor.com/Reviews/Employee-Review--RVW91218415.htm,Senior Collections Specialist,2024-09-21T08:15:20.137Z,REGULAR,TRUE,2,"Cairo, Cairo Governorate",develop the promotion system  ,0,0,NEUTRAL,4,,4,4,4,POSITIVE,4,4,eng,602454,2,en,REGULAR,2025-09-30T21:03:23.734994
AEA000801018,Abu Dhabi Islamic Bank,91144006,Data analyst ,Nothing to say but not good,"Bad at all 
Life balance 
Senior management 
Structure 
Culture",2,https://www.glassdoor.com/Reviews/Employee-Review--RVW91144006.htm,Data Analyst,2024-09-18T18:22:51.503Z,REGULAR,TRUE,1,"Cairo, Cairo Governorate",,0,0,NEGATIVE,2,,2,1,2,NEGATIVE,1,1,eng,602454,2,en,REGULAR,2025-09-30T21:03:23.734994
AEA000801018,Abu Dhabi Islamic Bank,91068273,Sales,It’s the top bank in UAE,You won't get a promotion In sales department,3,https://www.glassdoor.com/Reviews/Employee-Review--RVW91068273.htm,Direct Sales,2024-09-16T17:19:49.957Z,REGULAR,TRUE,4,"Abu Dhabi, Abu Dhabi",I don’t know ,0,0,NEGATIVE,5,,1,1,3,POSITIVE,1,3,eng,602454,2,en,REGULAR,2025-09-30T21:03:23.734994
AEA000801018,Abu Dhabi Islamic Bank,90993225,Could be worse,#NAME?,#NAME?,2,https://www.glassdoor.com/Reviews/Employee-Review--RVW90993225.htm,Senior Software Engineer,2024-09-13T11:22:52.380Z,REGULAR,TRUE,1,"Abu Dhabi, Abu Dhabi",#NAME?,0,0,,1,,3,3,2,NEGATIVE,2,5,eng,602454,2,en,REGULAR,2025-09-30T21:03:23.734994
AEA000801018,Abu Dhabi Islamic Bank,90334665,Everything is okay,"Friendly environment 
Dynamic bank
Good reputable bank","Location and parking
Not upgraded system",5,https://www.glassdoor.com/Reviews/Employee-Review--RVW90334665.htm,Relationship Manager,2024-08-22T14:15:40.707Z,REGULAR,TRUE,2,"Cairo, Cairo Governorate",,0,0,,5,,5,5,5,POSITIVE,5,5,eng,602454,2,en,REGULAR,2025-09-30T21:03:23.734994
AEA000801018,Abu Dhabi Islamic Bank,90303899, Self motivated and positioned to contribute strongly to customer service operations demanding tact,"Working at ADIB offers a dynamic environment with a focus on innovation and digital banking. Employees benefit from comprehensive career development programs diverse and inclusive workplace culture, and competitive benefits including health insurance and performance bonuses. ADIB’s commitment to ethical practices and social responsibility ensures a meaningful work experience. The bank also supports work-life balance with flexible arrangements and wellness programs, and provides opportunities to engage in community development. Strong leadership drives the organization’s vision, creating a positive and forward-thinking atmosphere.","Some potential downsides of working at ADIB include a fast-paced environment that may lead to high stress or demanding workloads. As with many large organizations, navigating internal bureaucracy and achieving work-life balance can be challenging. There might be limited flexibility in certain roles due to the bank's structured processes. Additionally, while ADIB promotes innovation, adapting to constant changes in technology and regulations can be demanding. Some employees may find career progression slow or competitive, depending on their role and department.",4,https://www.glassdoor.com/Reviews/Employee-Review--RVW90303899.htm,Customer Relationship Officer,2024-08-21T19:57:47.233Z,REGULAR,FALSE,2,"Ajman, Ajman",non,1,0,,4,,4,4,4,,4,4,eng,602454,2,en,REGULAR,2025-09-30T21:03:23.734994
AEA000801018,Abu Dhabi Islamic Bank,90262777,UAT,stability and fast learning curve,work pressure is high and more working hours,3,https://www.glassdoor.com/Reviews/Employee-Review--RVW90262777.htm,Software Testing Specialist,2024-08-20T12:23:31.920Z,REGULAR,TRUE,1,"Cairo, Cairo Governorate",,0,0,,,,,,,,,,eng,602454,2,en,REGULAR,2025-09-30T21:03:23.734994
AEA000801018,Abu Dhabi Islamic Bank,89999025,great experience,"experience is great 
allows you to find better career opportunities","high work pressure
long time for promotion",3,https://www.glassdoor.com/Reviews/Employee-Review--RVW89999025.htm,Client Service Associate,2024-08-12T01:39:02.240Z,REGULAR,TRUE,0,"Abu Dhabi, Abu Dhabi",,0,0,,5,,3,5,4,POSITIVE,3,1,eng,602454,3,en,REGULAR,2025-09-30T21:03:23.845829
AEA000801018,Abu Dhabi Islamic Bank,88484279,best brand,environment is really amazing ever,non available but all good,5,https://www.glassdoor.com/Reviews/Employee-Review--RVW88484279.htm,Compliance Officer,2024-06-22T02:35:20.667Z,REGULAR,TRUE,0,"Abu Dhabi, Abu Dhabi",,0,0,,,,,,,,,,eng,602454,3,en,REGULAR,2025-09-30T21:03:23.845829
AEA000801018,Abu Dhabi Islamic Bank,88061158,Officer,"Salary on time
Leaves allowance","Traditional Management
Rude &amp; arrogant seniors",1,https://www.glassdoor.com/Reviews/Employee-Review--RVW88061158.htm,,2024-06-08T03:39:30.757Z,REGULAR,TRUE,2,"Abu Dhabi, Abu Dhabi",Get HR involved in daily process to know what is going on. ,0,0,POSITIVE,1,,5,1,5,NEGATIVE,1,5,eng,602454,3,en,REGULAR,2025-09-30T21:03:23.845829
AEA000801018,Abu Dhabi Islamic Bank,87620745,comunity,good place to work in,for a good position i was looking for,4,https://www.glassdoor.com/Reviews/Employee-Review--RVW87620745.htm,Bank Relationship Officer,2024-05-24T15:42:23.553Z,REGULAR,TRUE,0,,,0,0,,,,,,,,,,eng,602454,3,en,REGULAR,2025-09-30T21:03:23.845829
AEA000801018,Abu Dhabi Islamic Bank,87386083,Learning Opportunity that's all,There a great learning opportunity,Pay is not great and no vision for investment banking services from the bank's perspective,3,https://www.glassdoor.com/Reviews/Employee-Review--RVW87386083.htm,Investment Banking Associate,2024-05-17T10:27:56.833Z,REGULAR,TRUE,4,"Cairo, Cairo Governorate",,0,0,NEGATIVE,3,,2,3,3,POSITIVE,4,4,eng,602454,3,en,REGULAR,2025-09-30T21:03:23.845829
AEA000801018,Abu Dhabi Islamic Bank,86792984,Work life balance ,Islamic Bank with talented staff,No career growth for existing staff,4,https://www.glassdoor.com/Reviews/Employee-Review--RVW86792984.htm,Bank Fraud Investigator,2024-04-29T11:48:25.230Z,REGULAR,TRUE,0,"Abu Dhabi, Abu Dhabi",,0,0,,,,,,,,,,eng,602454,3,en,REGULAR,2025-09-30T21:03:23.845829
AEA000801018,Abu Dhabi Islamic Bank,86741458,moderate ,you will have a great experience,no profit share and low wage,2,https://www.glassdoor.com/Reviews/Employee-Review--RVW86741458.htm,Personal Banker,2024-04-27T09:18:28.810Z,REGULAR,TRUE,2,"Cairo, Cairo Governorate",good reputable organization ,0,0,NEGATIVE,3,,2,4,3,POSITIVE,2,2,eng,602454,3,en,REGULAR,2025-09-30T21:03:23.845829
AEA000801018,Abu Dhabi Islamic Bank,86331435,Not Good not bad,Medical insurance bounse and profit share bemefits,Bad working enviroment during daily work,2,https://www.glassdoor.com/Reviews/Employee-Review--RVW86331435.htm,Remittance Processor,2024-04-15T10:59:57.600Z,REGULAR,FALSE,1,"Cairo, Cairo Governorate",To be more cordinated and try to fix working enviroment ,0,0,POSITIVE,2,,4,1,5,NEGATIVE,4,1,eng,602454,3,en,REGULAR,2025-09-30T21:03:23.845829
AEA000801018,Abu Dhabi Islamic Bank,86187311,Banking,Great Work Environment &amp; product knowkedge,No internal transfers in the company,4,https://www.glassdoor.com/Reviews/Employee-Review--RVW86187311.htm,Acting Supervisor,2024-04-10T09:35:01.120Z,REGULAR,FALSE,0,Dubai,,0,0,,3,,3,4,3,,3,3,eng,602454,3,en,REGULAR,2025-09-30T21:03:23.845829
AEA000801018,Abu Dhabi Islamic Bank,85048935,Stressfull targets,good work enviroment and good managers,underpaid and very stressfull targets,3,https://www.glassdoor.com/Reviews/Employee-Review--RVW85048935.htm,Personal Banker,2024-03-06T03:20:29.193Z,REGULAR,TRUE,2,"Cairo, Cairo Governorate",,0,0,POSITIVE,2,,2,3,3,POSITIVE,4,2,eng,602454,3,en,REGULAR,2025-09-30T21:03:23.845829
AEA000801018,Abu Dhabi Islamic Bank,85000461,Careful,Not many to consider really,Lack of leadership not qualified people,2,https://www.glassdoor.com/Reviews/Employee-Review--RVW85000461.htm,Vice President,2024-03-04T21:16:52.947Z,REGULAR,TRUE,0,Dubai,,0,0,,,,,,,,,,eng,602454,4,en,REGULAR,2025-09-30T21:03:24.293352
AEA000801018,Abu Dhabi Islamic Bank,83793448,Zero Work life balance ,Maybe cultural is good .,Zero work life balance .,1,https://www.glassdoor.com/Reviews/Employee-Review--RVW83793448.htm,Senior Compensation and Benefits Analyst,2024-01-27T17:37:02.840Z,REGULAR,TRUE,1,"Cairo, Cairo Governorate",,0,0,NEGATIVE,2,,3,3,2,NEGATIVE,1,1,eng,602454,4,en,REGULAR,2025-09-30T21:03:24.293352
AEA000801018,Abu Dhabi Islamic Bank,83793148,Perfect place,"Islamic, Salary
Environment
Growth
Career path","Limited scope
Competitive
Hards to join",4,https://www.glassdoor.com/Reviews/Employee-Review--RVW83793148.htm,Relationship Manager,2024-01-27T17:11:31.123Z,REGULAR,FALSE,0,,,0,0,,3,,4,3,4,POSITIVE,3,4,eng,602454,4,en,REGULAR,2025-09-30T21:03:24.293352
AEA000801018,Abu Dhabi Islamic Bank,82980376,NA,Incentives Basic Salary Insurance Visa Air Ticket every 2 years,no regular increments and no allowances,4,https://www.glassdoor.com/Reviews/Employee-Review--RVW82980376.htm,Islamic Finance Executive,2024-01-02T13:06:42.397Z,REGULAR,TRUE,2,Dubai,,0,0,POSITIVE,4,,4,4,4,POSITIVE,4,4,eng,602454,4,en,REGULAR,2025-09-30T21:03:24.293352
AEA000801018,Abu Dhabi Islamic Bank,82551905,Good,Good enviroment to work in,there is no cons about the bank,5,https://www.glassdoor.com/Reviews/Employee-Review--RVW82551905.htm,Information Technology,2023-12-12T21:47:54.927Z,REGULAR,FALSE,1,"Cairo, Cairo Governorate",,0,0,,5,,,,,,,,eng,602454,4,en,REGULAR,2025-09-30T21:03:24.293352
AEA000801018,Abu Dhabi Islamic Bank,82511159,Customer service representative ,Friendly co workers and respectful management ,Long working hours  and not enough payed salary ,4,https://www.glassdoor.com/Reviews/Employee-Review--RVW82511159.htm,Customer Service Representative,2023-12-11T15:47:23.560Z,REGULAR,FALSE,0,,,0,0,POSITIVE,3,,2,4,4,POSITIVE,4,3,eng,602454,4,en,REGULAR,2025-09-30T21:03:24.293352
AEA000801018,Abu Dhabi Islamic Bank,82202090,Call center agent,Good place and work environment,Little room for growth and career improvement,5,https://www.glassdoor.com/Reviews/Employee-Review--RVW82202090.htm,Call Center Agent,2023-11-30T00:24:08.780Z,REGULAR,TRUE,2,"Abu Dhabi, Abu Dhabi",,1,0,,5,,5,5,5,POSITIVE,5,5,eng,602454,4,en,REGULAR,2025-09-30T21:03:24.293352
AEA000801018,Abu Dhabi Islamic Bank,81681106,Abu Dhabi Islamic Bank,Good atmosphere. Large coverage in UAE.,Bad HR policies in relation to career development,3,https://www.glassdoor.com/Reviews/Employee-Review--RVW81681106.htm,Relationship Manager,2023-11-09T06:37:26.170Z,REGULAR,TRUE,6,Dubai,Improving staff salary and promoting internally will lower you high employee turnover. Lot of employees are quitting and return in 2 years just to improve salary,1,0,POSITIVE,2,,2,4,5,NEGATIVE,4,3,eng,602454,4,en,REGULAR,2025-09-30T21:03:24.293352
AEA000801018,Abu Dhabi Islamic Bank,81659254,Good place to start you career at,"Friendly ,helpful working environment,colleagues behaviour is so decent ,even your leader the whole management is so supportive and reliable",The pressure of the huge number of calls you have to deal with although its intermediate bank,3,https://www.glassdoor.com/Reviews/Employee-Review--RVW81659254.htm,Inbound Call Center Agent,2023-11-08T12:48:36.307Z,REGULAR,FALSE,1,"Cairo, Cairo Governorate",,0,0,NEGATIVE,2,,2,3,3,POSITIVE,3,1,eng,602454,4,en,REGULAR,2025-09-30T21:03:24.293352
AEA000801018,Abu Dhabi Islamic Bank,80746877,Job,Good organization to gain experience.,Toxic management and no salary growth,4,https://www.glassdoor.com/Reviews/Employee-Review--RVW80746877.htm,Senior Officer,2023-10-07T10:54:12.643Z,REGULAR,FALSE,6,,,1,0,,,,,,,,,,eng,602454,4,en,REGULAR,2025-09-30T21:03:24.293352
AEA000801018,Abu Dhabi Islamic Bank,80166265,Good,Nice place to work in ADIB bank,"Friendly , salary on time",4,https://www.glassdoor.com/Reviews/Employee-Review--RVW80166265.htm,Cost Accountant,2023-09-18T06:39:37.583Z,REGULAR,TRUE,2,Dubai,Gd place,0,0,POSITIVE,5,,4,4,4,POSITIVE,4,4,eng,602454,5,en,REGULAR,2025-09-30T21:03:24.419834
AEA000801018,Abu Dhabi Islamic Bank,80011209,Constant management changes,Forward and progressive organisation that uses technology to move forward,Frequent changes in senior leadership leading to constant changes in direction and strategy.,3,https://www.glassdoor.com/Reviews/Employee-Review--RVW80011209.htm,SVP-Service Delivery Executive,2023-09-12T22:00:35.293Z,REGULAR,FALSE,20,"Abu Dhabi, Abu Dhabi","Stop changing the leadership and structure, create an environment of stability.",0,0,POSITIVE,4,,3,2,1,POSITIVE,1,3,eng,602454,5,en,REGULAR,2025-09-30T21:03:24.419834
AEA000801018,Abu Dhabi Islamic Bank,79916301,No growth even if you work 10 years,No growth even if you work 10 years,Poor salary increments Office politics,3,https://www.glassdoor.com/Reviews/Employee-Review--RVW79916301.htm,Team Leader,2023-09-09T21:10:07.210Z,REGULAR,TRUE,6,Dubai,"In order to retain good staff, the annual increments should be looked into.",1,0,NEGATIVE,3,,4,4,4,NEGATIVE,4,2,eng,602454,5,en,REGULAR,2025-09-30T21:03:24.419834
AEA000801018,Abu Dhabi Islamic Bank,79581389,Amazing environment ??,Latest technologies stack and seriously good people and management,There no salary increase even if you stay forever,5,https://www.glassdoor.com/Reviews/Employee-Review--RVW79581389.htm,Senior Software Engineer,2023-08-29T07:31:39.353Z,REGULAR,TRUE,9,"Abu Dhabi, Abu Dhabi",,1,0,POSITIVE,5,,5,5,5,POSITIVE,5,5,eng,602454,5,en,REGULAR,2025-09-30T21:03:24.419834
AEA000801018,Abu Dhabi Islamic Bank,79258121,My first and favorite,Wonderful people and mindsets. Opportunity for promotion and joining many scopes. Respectful managers.,Law salaries compared to other banks if you’re starting an entry level position with them even if you became in a managerial level after that.,5,https://www.glassdoor.com/Reviews/Employee-Review--RVW79258121.htm,Finance Professional,2023-08-18T02:06:09.777Z,REGULAR,FALSE,9,"Cairo, Cairo Governorate",Take care of the entry level staff and people who belongs to the place.,1,0,,5,,4,5,5,POSITIVE,5,4,eng,602454,5,en,REGULAR,2025-09-30T21:03:24.419834
AEA000801018,Abu Dhabi Islamic Bank,79147003,Helo,Gain a bit of experience,No Growth in the bank,2,https://www.glassdoor.com/Reviews/Employee-Review--RVW79147003.htm,Officer,2023-08-14T22:50:27.380Z,REGULAR,FALSE,2,,Work more on,1,0,,,,,,,,,,eng,602454,5,en,REGULAR,2025-09-30T21:03:24.419834
AEA000801018,Abu Dhabi Islamic Bank,79033349,good,supportive good working environment good salary,an excellent place to work except when you have to deal with the HR.,5,https://www.glassdoor.com/Reviews/Employee-Review--RVW79033349.htm,Relationship Officer,2023-08-10T08:47:30.780Z,REGULAR,TRUE,2,"Abu Dhabi, Abu Dhabi",none,0,0,,5,,4,5,5,POSITIVE,3,3,eng,602454,5,en,REGULAR,2025-09-30T21:03:24.419834
AEA000801018,Abu Dhabi Islamic Bank,78772844,Great organization,Amazing managers and work environment,Nothing really to tell about s,5,https://www.glassdoor.com/Reviews/Employee-Review--RVW78772844.htm,Business Services Manager,2023-08-01T20:05:05.907Z,REGULAR,TRUE,6,Dubai,Thank you,0,0,,4,,5,5,4,POSITIVE,4,4,eng,602454,5,en,REGULAR,2025-09-30T21:03:24.419834
AEA000801018,Abu Dhabi Islamic Bank,78733736,Uncomfortable enviroment,You will learn a lot due so many work,It will require you so much work and you will not have a working-life balance,1,https://www.glassdoor.com/Reviews/Employee-Review--RVW78733736.htm,Pre screening analyst,2023-07-31T17:00:13.733Z,REGULAR,TRUE,0,,,0,0,NEGATIVE,1,,1,1,1,NEGATIVE,1,1,eng,602454,5,en,REGULAR,2025-09-30T21:03:24.419834
AEA000801018,Abu Dhabi Islamic Bank,78580587,Adib,Good environment in general at adib,Salary is noolt that good compared to other banks,4,https://www.glassdoor.com/Reviews/Employee-Review--RVW78580587.htm,Customer Relationship Officer,2023-07-26T01:25:00.880Z,REGULAR,TRUE,0,"Abu Dhabi, Abu Dhabi",,0,0,,,,,,,,,,eng,602454,5,en,REGULAR,2025-09-30T21:03:24.419834
AEA000801018,Abu Dhabi Islamic Bank,78551010,Data Entry Consultant,* Respectful * Good team Management * Friendly and understanding boss and team members,* Religious politics was visible in the overall system,4,https://www.glassdoor.com/Reviews/Employee-Review--RVW78551010.htm,Data Entry Consultant,2023-07-25T05:13:13.920Z,REGULAR,FALSE,1,Dubai,,0,0,POSITIVE,3,,4,4,2,POSITIVE,4,4,eng,602454,6,en,REGULAR,2025-09-30T21:03:24.023501
AEA000801018,Abu Dhabi Islamic Bank,78462876,Information Security Manager,"Good Team, decent pay with good leadership. Very good organization for Emirati National with greater support","Too much bureaucracy, office politics. No Flexibility on work. No career growth for expats",4,https://www.glassdoor.com/Reviews/Employee-Review--RVW78462876.htm,Information Security Manager,2023-07-21T08:56:55.887Z,REGULAR,TRUE,4,"Abu Dhabi, Abu Dhabi",Please align with current industries such as flexibility to work from home.,0,0,POSITIVE,2,,3,3,4,POSITIVE,4,1,eng,602454,6,en,REGULAR,2025-09-30T21:03:24.023501
AEA000801018,Abu Dhabi Islamic Bank,78253293,Former Employee,Stability in work environment overall,"Toxic work environment, no room for growth",2,https://www.glassdoor.com/Reviews/Employee-Review--RVW78253293.htm,Customer Service Representative,2023-07-14T06:29:43.113Z,REGULAR,FALSE,0,"Abu Dhabi, Abu Dhabi",Invest more into employees to get better return,0,0,,,,,,,,,,eng,602454,6,en,REGULAR,2025-09-30T21:03:24.023501
AEA000801018,Abu Dhabi Islamic Bank,77706077,Salary,Able to handle pressure and extensive work load,remuneration not up to industry standards,2,https://www.glassdoor.com/Reviews/Employee-Review--RVW77706077.htm,Process Officer,2023-06-25T23:34:01.907Z,REGULAR,FALSE,9,Dubai,,0,0,,2,,1,2,1,NEGATIVE,1,1,eng,602454,6,en,REGULAR,2025-09-30T21:03:24.023501
AEA000801018,Abu Dhabi Islamic Bank,77354548,-,Financial Revenues of the bank across the years,Healthy Environment for its employees,4,https://www.glassdoor.com/Reviews/Employee-Review--RVW77354548.htm,Business Planning and Analytics Manager,2023-06-13T22:14:54.200Z,REGULAR,TRUE,0,,,0,0,,,,,,,,,,eng,602454,6,en,REGULAR,2025-09-30T21:03:24.023501
AEA000801018,Abu Dhabi Islamic Bank,76959099,ADIB,They care about the customers over the employe and they care about the customers happiness more.,"The environment of the career should be lovely and acceptable to make the employees love the job and produces more, while talking about the salary , day off , rewards , they should review these benefits.",2,https://www.glassdoor.com/Reviews/Employee-Review--RVW76959099.htm,Bank Teller,2023-05-31T14:55:51.667Z,REGULAR,FALSE,0,,"They should review how to make the employees accept the work from looking back about the Salary , Day Off , Benefits.",0,0,NEGATIVE,3,,2,5,3,NEGATIVE,1,2,eng,602454,6,en,REGULAR,2025-09-30T21:03:24.023501
AEA000801018,Abu Dhabi Islamic Bank,76956200,You can do better!,average pay at best good commission structure decent or good boss if God is on your side,"toxic culture indo Pakistani hate culture- , if you're indian and your boss is paki or vice versa life at work just got harder( obv some Indian/Pakis are if you're in sales, using foul language, abuses and screaming/yelling is common practice adopted by team leaders and managers ?? i",1,https://www.glassdoor.com/Reviews/Employee-Review--RVW76956200.htm,Finance Executive,2023-05-31T13:21:59.080Z,REGULAR,FALSE,0,,"hire Indians and pakis who were either born in UAE or were schooled in UAE. this will prevent your office from becoming a cold war zone. hire good people from good Universities hire team leaders who are actually leaders and not crazy yelling robots make an assessment of the most toxic managers and team leaders across all your departments, identify the worst ones, fire them. this way you will save up operational costs by laying off your toxic staff and also make your workplace more efficient, happy and positive Ex Adib Employee (Sharjah DSU)",1,0,,,,,,,,,,eng,602454,6,en,REGULAR,2025-09-30T21:03:24.023501
AEA000801018,Abu Dhabi Islamic Bank,76830824,ADIB BANK EGYPT,Islamic Banking industry Good environment,Stress working and many tasks to be delivered on time,5,https://www.glassdoor.com/Reviews/Employee-Review--RVW76830824.htm,Business Planning and Analysis Manager,2023-05-27T00:42:52.727Z,REGULAR,TRUE,9,"Cairo, Cairo Governorate",Everything is good at adib bank,0,0,POSITIVE,5,,5,5,5,POSITIVE,5,4,eng,602454,6,en,REGULAR,2025-09-30T21:03:24.023501
AEA000801018,Abu Dhabi Islamic Bank,76774699,Overview,Good people Organized work Clear goals,"Low Salaries Not a flexible "" No WFH "" Hard to get grades",3,https://www.glassdoor.com/Reviews/Employee-Review--RVW76774699.htm,Risk Analyst,2023-05-25T06:15:14.660Z,REGULAR,FALSE,9,,communicate with employees,0,0,NEUTRAL,3,,3,5,5,POSITIVE,3,5,eng,602454,6,en,REGULAR,2025-09-30T21:03:24.023501
AEA000801018,Abu Dhabi Islamic Bank,76169294,Personal banker,Environment Managers Product Cooperation Salaries,Honestly I didn’t find reason,5,https://www.glassdoor.com/Reviews/Employee-Review--RVW76169294.htm,Personal Banker,2023-05-06T02:59:06.477Z,REGULAR,FALSE,0,"Cairo, Cairo Governorate",,0,0,,,,,,,,,,eng,602454,6,en,REGULAR,2025-09-30T21:03:24.023501
AEA000801018,Abu Dhabi Islamic Bank,75955532,Good environment,Good environment and team are friendly,"No work form home, must go to the office everyday",5,https://www.glassdoor.com/Reviews/Employee-Review--RVW75955532.htm,Manager,2023-04-29T03:05:35.840Z,REGULAR,TRUE,4,"Cairo, Cairo Governorate",,0,0,POSITIVE,5,,5,5,5,POSITIVE,5,5,eng,602454,7,en,REGULAR,2025-09-30T21:03:24.600228
AEA000801018,Abu Dhabi Islamic Bank,75043768,Good working culture,Cross functional collaboration &amp; communication is easier,Information can’t be shared that quickly,4,https://www.glassdoor.com/Reviews/Employee-Review--RVW75043768.htm,Tech Lead,2023-03-30T11:56:22.713Z,REGULAR,TRUE,2,,,0,0,,4,,4,3,4,,3,4,eng,602454,7,en,REGULAR,2025-09-30T21:03:24.600228
AEA000801018,Abu Dhabi Islamic Bank,74953459,Na,Huge portfolio which leads to great experience,Negative environment that kills competetion in all many fields,1,https://www.glassdoor.com/Reviews/Employee-Review--RVW74953459.htm,MIS Analyst,2023-03-28T07:21:13.977Z,REGULAR,TRUE,0,,,0,0,POSITIVE,3,,2,2,3,NEGATIVE,3,1,eng,602454,7,en,REGULAR,2025-09-30T21:03:24.600228
AEA000801018,Abu Dhabi Islamic Bank,74783258,Worst ever,Nothing positive about this place,Nothing Bad environment Inconsiderable people,1,https://www.glassdoor.com/Reviews/Employee-Review--RVW74783258.htm,Personal Banker,2023-03-22T15:11:43.123Z,REGULAR,TRUE,0,"Cairo, Cairo Governorate",,0,0,,1,,1,1,1,NEGATIVE,1,1,eng,602454,7,en,REGULAR,2025-09-30T21:03:24.600228
AEA000801018,Abu Dhabi Islamic Bank,74696214,Head of Cards Business,"Good Employer, Stable Organisation, Good Leadership Team",Potential to grow in international markets.,5,https://www.glassdoor.com/Reviews/Employee-Review--RVW74696214.htm,Head of Cards,2023-03-20T11:23:21.047Z,REGULAR,TRUE,0,,,0,0,,,,,,,,,,eng,602454,7,en,REGULAR,2025-09-30T21:03:24.600228
AEA000801018,Abu Dhabi Islamic Bank,74450219,Leading Bank,Good opportunity to improve and good value for staff,Equality in salaries and promotions,5,https://www.glassdoor.com/Reviews/Employee-Review--RVW74450219.htm,Event Marketing Manager,2023-03-13T02:03:44.803Z,REGULAR,TRUE,0,,,0,0,NEUTRAL,5,,3,4,3,POSITIVE,4,4,eng,602454,7,en,REGULAR,2025-09-30T21:03:24.600228
AEA000801018,Abu Dhabi Islamic Bank,74382051,Lack of knowledge | Politics | Toxic Environment,Half day in Friday No works in weekends,"*Lack of knowledge in digital marketing terminology’s *Managers even don’t know how to work in excel and read KPI or numbers like CR, CPI etc… *Have no idea what happening outside of ADIB as they are sticking for 15 years or more. *External or onsite employees will be treated toxically if they are not onboarded by them or their friends. *Even you increased the numbers and improvised the performance they won’t accept or appreciate because they are toxic minded and negative people. *Feeling sad for the coworkers as they are also become negative because of the environment",1,https://www.glassdoor.com/Reviews/Employee-Review--RVW74382051.htm,Digital Marketing Consultant,2023-03-10T03:41:57.913Z,REGULAR,FALSE,1,"Abu Dhabi, Abu Dhabi","Please hire people with knowledge and experience in subject instead of promoting people who are working for 15 or 20 years without knowledge or experience in the subject. Leadership is not about shouting and dictatorship. It is about leading, tuning people for achieving goals and listening to them.",2,0,,2,,1,1,2,NEGATIVE,1,4,eng,602454,7,en,REGULAR,2025-09-30T21:03:24.600228
AEA000801018,Abu Dhabi Islamic Bank,73537540,Team Leader Ongoing Due Diligence,"One of the largest Banking institute in UAE with employess more than 6500. Having a large network, offering diversified banking services int he region.",Management believes in following classical ways of doing its business. Adaption to change is very low and the employees are not always ready to accept change.,3,https://www.glassdoor.com/Reviews/Employee-Review--RVW73537540.htm,Know Your Client Manager,2023-02-11T11:28:38.803Z,REGULAR,TRUE,2,"Abu Dhabi, Abu Dhabi",Its a best institute for the professionals to learn. Management should continue finding most effective source who actual run the show.,0,0,POSITIVE,3,,2,4,2,NEGATIVE,3,1,eng,602454,7,en,REGULAR,2025-09-30T21:03:24.600228
AEA000801018,Abu Dhabi Islamic Bank,73527976,good,very good place to work,didnt find any cons in the company,4,https://www.glassdoor.com/Reviews/Employee-Review--RVW73527976.htm,Telesales Executive,2023-02-10T23:01:52.047Z,REGULAR,FALSE,0,,NA,0,0,POSITIVE,1,,1,4,1,POSITIVE,1,3,eng,602454,7,en,REGULAR,2025-09-30T21:03:24.600228
AEA000801018,Abu Dhabi Islamic Bank,72892403,BBD,Nice envioment and great experiance,working under high pressure all the time,5,https://www.glassdoor.com/Reviews/Employee-Review--RVW72892403.htm,Customer Service,2023-01-23T06:42:45.687Z,REGULAR,FALSE,2,Dubai,Keep the doing the good job,0,0,POSITIVE,5,,4,4,4,POSITIVE,5,3,eng,602454,7,en,REGULAR,2025-09-30T21:03:24.600228
AEA000801018,Abu Dhabi Islamic Bank,72733082,IFE,Flexible Nice environment Incentive Time,.... .... ... .... ...m,5,https://www.glassdoor.com/Reviews/Employee-Review--RVW72733082.htm,IFE,2023-01-18T01:54:58.987Z,REGULAR,TRUE,0,,,0,0,POSITIVE,5,,5,5,5,POSITIVE,5,5,eng,602454,8,en,REGULAR,2025-09-30T21:03:24.268937
AEA000801018,Abu Dhabi Islamic Bank,72382957,.,Okay I get I'll course of this job,It's not good at all it's very deffecult,1,https://www.glassdoor.com/Reviews/Employee-Review--RVW72382957.htm,Call Center Agent,2023-01-06T09:06:48.907Z,REGULAR,FALSE,1,"New Egypt, NJ",You are a very bad hr team,0,0,NEGATIVE,,,,,,NEGATIVE,,,eng,602454,8,en,REGULAR,2025-09-30T21:03:24.268937
AEA000801018,Abu Dhabi Islamic Bank,72079888,Good and Stable environment,"Stable, management support and team work",Work/life balance is always challenge,4,https://www.glassdoor.com/Reviews/Employee-Review--RVW72079888.htm,Senior Engineer,2022-12-22T20:34:46.133Z,REGULAR,TRUE,4,"Abu Dhabi, Abu Dhabi",,0,0,,4,,4,4,4,,4,3,eng,602454,8,en,REGULAR,2025-09-30T21:03:24.268937
AEA000801018,Abu Dhabi Islamic Bank,71759250,4 years of experience,Stability Large market share Stability,Extreme unpaid overtime daily Poor training system Poor rating system,1,https://www.glassdoor.com/Reviews/Employee-Review--RVW71759250.htm,Pre Underwriter,2022-12-10T08:09:24.960Z,REGULAR,TRUE,0,"Cairo, Cairo Governorate",,0,0,,,,,,,,,,eng,602454,8,en,REGULAR,2025-09-30T21:03:24.268937
AEA000801018,Abu Dhabi Islamic Bank,71489965,My first school.,#NAME?,#NAME?,5,https://www.glassdoor.com/Reviews/Employee-Review--RVW71489965.htm,,2022-11-29T20:26:01.573Z,REGULAR,FALSE,0,,,0,0,,5,,3,5,5,POSITIVE,5,5,eng,602454,8,en,REGULAR,2025-09-30T21:03:24.268937
AEA000801018,Abu Dhabi Islamic Bank,71079767,Good,Good financials benefits for employees,Bad environment with lack of management communications and no career progress,4,https://www.glassdoor.com/Reviews/Employee-Review--RVW71079767.htm,Islamic Finance Executive,2022-11-14T20:50:37.207Z,REGULAR,FALSE,2,Dubai,,0,0,POSITIVE,3,,5,4,4,POSITIVE,3,3,eng,602454,8,en,REGULAR,2025-09-30T21:03:24.268937
AEA000801018,Abu Dhabi Islamic Bank,70771033,Work culture,Good environment good people hard workers,No Work life balance and poor management,4,https://www.glassdoor.com/Reviews/Employee-Review--RVW70771033.htm,SME Relationship Manager,2022-11-03T21:04:46.670Z,REGULAR,TRUE,0,"Cairo, Cairo Governorate",,0,0,,,,,,,,,,eng,602454,8,en,REGULAR,2025-09-30T21:03:24.268937
AEA000801018,Abu Dhabi Islamic Bank,70603958,Software,Only the knowledge you will gain is the most attractive factor you would find there,"Lack of it organization structure, not to mention how small number of resources.",3,https://www.glassdoor.com/Reviews/Employee-Review--RVW70603958.htm,Maintenance Engineer,2022-10-29T03:44:50.480Z,REGULAR,TRUE,0,"Abu Dhabi, Abu Dhabi",,1,0,,,,,,,,,,eng,602454,8,en,REGULAR,2025-09-30T21:03:24.268937
AEA000801018,Abu Dhabi Islamic Bank,70539349,Head of Performance and Rewards,The Bank offers good bonuses,Working environment is quite toxic,2,https://www.glassdoor.com/Reviews/Employee-Review--RVW70539349.htm,Head of Performance and Reward,2022-10-27T01:34:20.610Z,REGULAR,FALSE,4,"Abu Dhabi, Abu Dhabi",,0,0,,3,,4,1,1,,1,1,eng,602454,8,en,REGULAR,2025-09-30T21:03:24.268937
AEA000801018,Abu Dhabi Islamic Bank,69949482,Good,Good environment to learn and work,Feel stressed all time and the rotational shift not good,3,https://www.glassdoor.com/Reviews/Employee-Review--RVW69949482.htm,Call Center Agent,2022-10-09T19:41:30.440Z,REGULAR,FALSE,0,,,0,0,,4,,4,3,,,,,eng,602454,8,en,REGULAR,2025-09-30T21:03:24.268937
AEA000801018,Abu Dhabi Islamic Bank,69696056,No 1 Bank in Customer Experience in UAE for 7 consecutive years,#NAME?,No specific or significant cons that I can mention,4,https://www.glassdoor.com/Reviews/Employee-Review--RVW69696056.htm,Global Head of Customer Experience,2022-10-03T01:44:15.893Z,REGULAR,FALSE,20,Dubai,,0,0,POSITIVE,4,,4,4,4,POSITIVE,4,4,eng,602454,9,en,REGULAR,2025-09-30T21:03:24.106693
AEA000801018,Abu Dhabi Islamic Bank,69460959,Very good enivroment,recommended to work within Adib,Very Challanging and hard work enviroment,5,https://www.glassdoor.com/Reviews/Employee-Review--RVW69460959.htm,Project Manager,2022-09-26T11:07:28.267Z,REGULAR,TRUE,0,,,0,0,,5,,5,5,5,,5,5,eng,602454,9,en,REGULAR,2025-09-30T21:03:24.106693
AEA000801018,Abu Dhabi Islamic Bank,69191234,Good,The workplace is good and the work doesn't require experience. They will teach you almost everything.,Some people are not qualified to be promoted and they promote them anyway.,4,https://www.glassdoor.com/Reviews/Employee-Review--RVW69191234.htm,Outbound Call Center Representative,2022-09-18T23:00:37.767Z,REGULAR,TRUE,2,"Abu Dhabi, Abu Dhabi",I believe you should make assessments for your team leaders every now and then.,0,0,,,,,,,,,,eng,602454,9,en,REGULAR,2025-09-30T21:03:24.106693
AEA000801018,Abu Dhabi Islamic Bank,68825010,Great place to work,Progressive culture that welcomes changes,Processes is bit slow and needs improvement,5,https://www.glassdoor.com/Reviews/Employee-Review--RVW68825010.htm,Manager,2022-09-07T19:33:10.717Z,REGULAR,TRUE,0,,,0,0,POSITIVE,5,,4,5,5,POSITIVE,5,4,eng,602454,9,en,REGULAR,2025-09-30T21:03:24.106693
AEA000801018,Abu Dhabi Islamic Bank,68655503,Good Bank,Great experience and investment in employees,Not managed well and low number of staff,4,https://www.glassdoor.com/Reviews/Employee-Review--RVW68655503.htm,Software QA Tester,2022-09-02T14:56:48.483Z,REGULAR,TRUE,0,,,0,0,NEUTRAL,4,,4,3,3,POSITIVE,3,3,eng,602454,9,en,REGULAR,2025-09-30T21:03:24.106693
AEA000801018,Abu Dhabi Islamic Bank,68304052,Nice bank to work at,"friendly, less political environment, easy to complete task","no hikes for long number of years, despite repeated request",4,https://www.glassdoor.com/Reviews/Employee-Review--RVW68304052.htm,Project Manager,2022-08-24T13:41:55.623Z,REGULAR,TRUE,0,,,0,0,,3,,3,4,4,POSITIVE,4,4,eng,602454,9,en,REGULAR,2025-09-30T21:03:24.106693
AEA000801018,Abu Dhabi Islamic Bank,67722041,Head of Trade,strength of Experience. Smart worker,I am a workaholic and used to complete any given task,3,https://www.glassdoor.com/Reviews/Employee-Review--RVW67722041.htm,Head of Trade Finance,2022-08-09T11:38:08.677Z,REGULAR,TRUE,9,Dubai,Required sponsorship.,0,0,POSITIVE,3,,4,5,5,POSITIVE,5,5,eng,602454,9,en,REGULAR,2025-09-30T21:03:24.106693
AEA000801018,Abu Dhabi Islamic Bank,67680372,ADIB,#NAME?,#NAME?,5,https://www.glassdoor.com/Reviews/Employee-Review--RVW67680372.htm,Procurement Manager,2022-08-08T14:15:27.623Z,REGULAR,FALSE,0,,,0,0,POSITIVE,3,,3,3,3,POSITIVE,3,3,eng,602454,9,en,REGULAR,2025-09-30T21:03:24.106693
AEA000801018,Abu Dhabi Islamic Bank,67390419,It,"Stability, diversity, good place to learn",No career path clear and,3,https://www.glassdoor.com/Reviews/Employee-Review--RVW67390419.htm,Information Technology,2022-08-01T07:38:14.923Z,REGULAR,TRUE,4,,,0,0,POSITIVE,3,,3,3,3,POSITIVE,3,3,eng,602454,9,en,REGULAR,2025-09-30T21:03:24.106693
AEA000801018,Abu Dhabi Islamic Bank,66882836,Great,Decent work environment with good reputation,Rarely to face one of the downsides,4,https://www.glassdoor.com/Reviews/Employee-Review--RVW66882836.htm,Relationship Manager,2022-07-19T09:35:05.827Z,REGULAR,FALSE,4,Dubai,NA,0,0,POSITIVE,4,,4,4,4,POSITIVE,4,4,eng,602454,9,en,REGULAR,2025-09-30T21:03:24.106693
AEA000801018,Abu Dhabi Islamic Bank,66861462,A place where you can represent ur ideas,Accepting new ideas and agile,Promotions are not available for most of support functions,4,https://www.glassdoor.com/Reviews/Employee-Review--RVW66861462.htm,General Services Manager,2022-07-19T00:19:04.270Z,REGULAR,TRUE,6,"Cairo, Cairo Governorate",,0,0,POSITIVE,1,,4,5,5,POSITIVE,5,5,eng,602454,10,en,REGULAR,2025-09-30T21:03:23.766982
AEA000801018,Abu Dhabi Islamic Bank,66697980,ADIB - Egypt,Advanced business model with diversified gained experience.,"Work life balance, weak long term training.",4,https://www.glassdoor.com/Reviews/Employee-Review--RVW66697980.htm,Credit Risk Analyst,2022-07-14T10:35:49.987Z,REGULAR,TRUE,6,"Cairo, GA",Work life balance and more engagement.,1,0,NEUTRAL,5,,3,3,5,,2,1,eng,602454,10,en,REGULAR,2025-09-30T21:03:23.766982
AEA000801018,Abu Dhabi Islamic Bank,66227057,ADIB,Money is decent for job,Growth is limited for expats,5,https://www.glassdoor.com/Reviews/Employee-Review--RVW66227057.htm,Team Leader,2022-07-02T17:51:10.923Z,REGULAR,FALSE,4,"Abu Dhabi, Abu Dhabi",,0,0,,3,,3,3,3,NEGATIVE,3,3,eng,602454,10,en,REGULAR,2025-09-30T21:03:23.766982
AEA000801018,Abu Dhabi Islamic Bank,65754200,Lower end of UAE Banking industry,Good facilities and work experience,Salaries/Slow room for growth/General sense of workforce unhappiness,1,https://www.glassdoor.com/Reviews/Employee-Review--RVW65754200.htm,Customer Service Advisor,2022-06-20T04:38:04.537Z,REGULAR,FALSE,4,,,0,0,NEGATIVE,1,,1,1,1,NEGATIVE,1,3,eng,602454,10,en,REGULAR,2025-09-30T21:03:23.766982
AEA000801018,Abu Dhabi Islamic Bank,65298212,Started with great and now take me out of here,"Good exposure 
Huge brand name 
Good bonus","No flexibility in working hours 
No career path 
No raise 
No support",2,https://www.glassdoor.com/Reviews/Employee-Review--RVW65298212.htm,Product Owner,2022-06-08T23:52:01.940Z,REGULAR,TRUE,0,,,0,0,NEUTRAL,1,,3,2,1,,2,1,eng,602454,10,en,REGULAR,2025-09-30T21:03:23.766982
AEA000801018,Abu Dhabi Islamic Bank,65017068,Good,Nice work environment and ppl,Internal transfer very hard to be done,5,https://www.glassdoor.com/Reviews/Employee-Review--RVW65017068.htm,Senior Procurement Officer,2022-06-02T11:43:40.610Z,REGULAR,TRUE,0,,,0,0,NEUTRAL,5,,5,5,5,POSITIVE,5,5,eng,602454,10,en,REGULAR,2025-09-30T21:03:23.766982
AEA000801018,Abu Dhabi Islamic Bank,64530969,ADIB has no work life balance,"It has a good work environment, good people.","No training benefit, bounces are to low, salaries are low compared to market, no Opportunity to grow",3,https://www.glassdoor.com/Reviews/Employee-Review--RVW64530969.htm,IT Infrastructure Manager,2022-05-23T02:51:32.610Z,REGULAR,TRUE,6,"Cairo, Cairo Governorate",,0,0,NEUTRAL,2,,3,3,2,NEGATIVE,2,2,eng,602454,10,en,REGULAR,2025-09-30T21:03:23.766982
AEA000801018,Abu Dhabi Islamic Bank,64396841,About it,"Good environment , Skilled employees, friendly","Salary, work location, hard to get grades",3,https://www.glassdoor.com/Reviews/Employee-Review--RVW64396841.htm,Risk Management Analyst,2022-05-19T12:30:02.323Z,REGULAR,TRUE,6,"Abu Dhabi, Abu Dhabi",,0,0,NEGATIVE,3,,1,4,3,NEGATIVE,3,3,eng,602454,10,en,REGULAR,2025-09-30T21:03:23.766982
AEA000801018,Abu Dhabi Islamic Bank,64265258,Full of,Good work environment and comfortable to porpoises and to renovate.,No thing to say just,5,https://www.glassdoor.com/Reviews/Employee-Review--RVW64265258.htm,Operations Manager,2022-05-17T09:49:52.987Z,REGULAR,TRUE,6,"Egypt, AR",,0,0,POSITIVE,5,,5,5,5,POSITIVE,5,5,eng,602454,10,en,REGULAR,2025-09-30T21:03:23.766982
AEA000801018,Abu Dhabi Islamic Bank,62894524,Working with ADIB is a wonderful experience.,There is no partiality in employees.,Due to jobs going  to offshore  some of dept totally closed.,5,https://www.glassdoor.com/Reviews/Employee-Review--RVW62894524.htm,Senior Specialist,2022-04-17T19:50:44.540Z,REGULAR,FALSE,0,,,0,0,POSITIVE,4,,4,5,3,POSITIVE,3,4,eng,602454,10,en,REGULAR,2025-09-30T21:03:23.766982
AEA000801018,Abu Dhabi Islamic Bank,62850357,Information technology,Great company to work and good place to learn,Noting I found at here,5,https://www.glassdoor.com/Reviews/Employee-Review--RVW62850357.htm,Information Technology Specialist,2022-04-15T23:12:20.950Z,REGULAR,FALSE,2,,,0,0,,,,,,,,,,eng,602454,11,en,REGULAR,2025-09-30T21:03:24.089334
AEA000801018,Abu Dhabi Islamic Bank,62691012,Good Experience overall,Good technologies and projects and learning,"High in politics, no recognition and stressful",3,https://www.glassdoor.com/Reviews/Employee-Review--RVW62691012.htm,Program Manager,2022-04-12T16:37:49.177Z,REGULAR,TRUE,0,"Abu Dhabi, Abu Dhabi",,0,0,,,,,,,,,,eng,602454,11,en,REGULAR,2025-09-30T21:03:24.089334
AEA000801018,Abu Dhabi Islamic Bank,62192921,Good Environment,Work life balance is good,No schooling add to the package,5,https://www.glassdoor.com/Reviews/Employee-Review--RVW62192921.htm,AVP-Operations,2022-04-03T06:21:22.240Z,REGULAR,TRUE,2,,,0,0,POSITIVE,4,,4,4,4,POSITIVE,4,5,eng,602454,11,en,REGULAR,2025-09-30T21:03:24.089334
AEA000801018,Abu Dhabi Islamic Bank,62151022,Needs improvement,"It’s based in a great location

4,5 day working weeks","Little to no consideration for other cultures. 

Unprofessional working environment",2,https://www.glassdoor.com/Reviews/Employee-Review--RVW62151022.htm,,2022-04-01T18:00:13.350Z,REGULAR,TRUE,4,"Abu Dhabi, Abu Dhabi",Implement stronger corporate governance and institute a code of practice that ensures more professionalism in the organisation.,0,0,POSITIVE,1,,3,1,1,NEGATIVE,1,3,eng,602454,11,en,REGULAR,2025-09-30T21:03:24.089334
AEA000801018,Abu Dhabi Islamic Bank,60960655,great bank,risk remedial. . . .,great bank to work .,4,https://www.glassdoor.com/Reviews/Employee-Review--RVW60960655.htm,Remedial Manager,2022-03-10T21:58:19.240Z,REGULAR,TRUE,0,Dubai,,0,0,NEUTRAL,3,,3,2,2,POSITIVE,1,3,eng,602454,11,en,REGULAR,2025-09-30T21:03:24.089334
AEA000801018,Abu Dhabi Islamic Bank,59980777,Amazing experience to be part of Information and Cyber Security team,Learning Growth New roles and Challenges,More training needed to feel confident to handle more responsibilities,5,https://www.glassdoor.com/Reviews/Employee-Review--RVW59980777.htm,Information Security Service Lead,2022-02-19T23:24:34.203Z,REGULAR,FALSE,4,"Abu Dhabi, Abu Dhabi",,0,0,POSITIVE,5,,5,5,5,POSITIVE,5,3,eng,602454,11,en,REGULAR,2025-09-30T21:03:24.089334
AEA000801018,Abu Dhabi Islamic Bank,59174099,managing branches in certain area,main bank in UAE and can build relations,need to improve culture and people managment,3,https://www.glassdoor.com/Reviews/Employee-Review--RVW59174099.htm,Area Manager,2022-02-05T22:33:29.737Z,REGULAR,FALSE,6,,,0,0,,,,,,,,,,eng,602454,11,en,REGULAR,2025-09-30T21:03:24.089334
AEA000801018,Abu Dhabi Islamic Bank,58294161,Ok,U will gain a good experience,The processing is too complicated,4,https://www.glassdoor.com/Reviews/Employee-Review--RVW58294161.htm,Islamic Finance and Banking,2022-01-20T21:14:44.837Z,REGULAR,FALSE,2,"Abu Dhabi, Abu Dhabi",No idea,1,0,POSITIVE,3,,3,2,3,POSITIVE,2,3,eng,602454,11,en,REGULAR,2025-09-30T21:03:24.089334
AEA000801018,Abu Dhabi Islamic Bank,58087640,None,Good please to work in the uae,None that I could think of,3,https://www.glassdoor.com/Reviews/Employee-Review--RVW58087640.htm,Product Manager,2022-01-17T22:29:22.693Z,REGULAR,FALSE,1,"Abu Dhabi, Abu Dhabi",None,0,0,POSITIVE,3,,3,3,3,POSITIVE,3,3,eng,602454,11,en,REGULAR,2025-09-30T21:03:24.089334
AEA000801018,Abu Dhabi Islamic Bank,57396777,Good,"Stable work, good work environment","Too much paper work, target is aggressive",3,https://www.glassdoor.com/Reviews/Employee-Review--RVW57396777.htm,Personal Banker,2022-01-04T10:25:01.303Z,REGULAR,TRUE,0,,,0,0,,5,,3,3,3,POSITIVE,1,3,eng,602454,11,en,REGULAR,2025-09-30T21:03:24.089334
AEA000801018,Abu Dhabi Islamic Bank,57202591,Company review,"Stable bank, piece of mind","No career growth, no promotion",4,https://www.glassdoor.com/Reviews/Employee-Review--RVW57202591.htm,,2021-12-29T10:51:02.117Z,REGULAR,TRUE,0,,,0,0,,2,,,,,,,,eng,602454,12,en,REGULAR,2025-09-30T21:03:24.101714
AEA000801018,Abu Dhabi Islamic Bank,56966877,Banking as Should be!,Best Islamic Bank in the World.,"VERY LOW SALARIES,
NO DESIGNATION ELEVATION, 
NO SALARY INCREMENT,",5,https://www.glassdoor.com/Reviews/Employee-Review--RVW56966877.htm,Business Development Manager,2021-12-21T17:11:00.863Z,REGULAR,TRUE,6,Dubai,"Take care of the Frontlines Officers. They are the main  part of the organisation success.
If you are not able to be fair.  Do not oppress the competent, hardworking employees who carry loyalty and sincerity at work.
The success of large organizations is in taking care of employees and customers alike.
The good belongs and the bad prevails, THIS IS OUT OF SHARIA POLICIES.
A good employee indicates a good manager, which means good management.",0,0,NEUTRAL,3,,1,3,1,POSITIVE,1,1,eng,602454,12,en,REGULAR,2025-09-30T21:03:24.101714
AEA000801018,Abu Dhabi Islamic Bank,56792500,Expanding,The bank is expanding and attracts good calibers. Huge room for learning and progressing,The focus on individuals career improvement needs to be enhanced.,4,https://www.glassdoor.com/Reviews/Employee-Review--RVW56792500.htm,Internal Audit Head,2021-12-16T20:17:01.797Z,REGULAR,TRUE,0,"Cairo, Cairo Governorate",,0,0,,,,,,,,,,eng,602454,12,en,REGULAR,2025-09-30T21:03:24.101714
AEA000801018,Abu Dhabi Islamic Bank,56307746,NA,"Friendly Environment, good salary for top management","no job security, if you started with low salary you will not be raised even if you are getting outstanding perfoemer every year",3,https://www.glassdoor.com/Reviews/Employee-Review--RVW56307746.htm,Head of Product Delivery,2021-12-06T14:41:22.897Z,REGULAR,TRUE,6,Dubai,NA,0,0,POSITIVE,4,,3,3,4,POSITIVE,2,3,eng,602454,12,en,REGULAR,2025-09-30T21:03:24.101714
AEA000801018,Abu Dhabi Islamic Bank,56012416,Abu Dhabi Islamic Bank,Abu Dhabi Islamic Bank is one of the best &amp; leading banking industry in UAE,all about Abu Dhabi Islamic Bank is good,5,https://www.glassdoor.com/Reviews/Employee-Review--RVW56012416.htm,Operations Service Officer,2021-11-29T23:41:41.147Z,REGULAR,FALSE,20,,,0,0,,,,,,,,,,eng,602454,12,en,REGULAR,2025-09-30T21:03:24.101714
AEA000801018,Abu Dhabi Islamic Bank,55597505,"Good place to work, but","stable and good team, get involved in a variety of work",work is very reactive and leadership has been there for years. Marketing is very old fashioned and not much in new ideas,3,https://www.glassdoor.com/Reviews/Employee-Review--RVW55597505.htm,Marketing,2021-11-19T09:35:31.007Z,REGULAR,FALSE,6,"Abu Dhabi, Abu Dhabi",,0,0,POSITIVE,3,,3,4,2,NEGATIVE,1,4,eng,602454,12,en,REGULAR,2025-09-30T21:03:24.101714
AEA000801018,Abu Dhabi Islamic Bank,54414320,Not much of experience,"Stable, decent people easy to work with,","No chance to grow, 
lobbies all around, 
Irresponsible in responsibility chairs, 
No appreciation whatever",3,https://www.glassdoor.com/Reviews/Employee-Review--RVW54414320.htm,Senior Project Manager,2021-10-24T11:28:30.910Z,REGULAR,FALSE,6,"Abu Dhabi, Abu Dhabi",,0,0,NEGATIVE,2,,4,3,3,NEGATIVE,1,4,eng,602454,12,en,REGULAR,2025-09-30T21:03:24.101714
AEA000801018,Abu Dhabi Islamic Bank,54405100,Digital transformation,Technology driven Islamic bank with great roadmap,Some departments moving slower than rest,4,https://www.glassdoor.com/Reviews/Employee-Review--RVW54405100.htm,Project Manager,2021-10-24T03:46:09.990Z,REGULAR,TRUE,6,,,0,0,,4,,4,3,4,POSITIVE,4,4,eng,602454,12,en,REGULAR,2025-09-30T21:03:24.101714
AEA000801018,Abu Dhabi Islamic Bank,53774177,A,"Friendly boss, not much pros",Ladies not treated with same benfits as male peers. Too much work pressure,1,https://www.glassdoor.com/Reviews/Employee-Review--RVW53774177.htm,Assistant Manager,2021-10-10T01:52:45.123Z,REGULAR,FALSE,0,,,0,0,,,,,,,,,,eng,602454,12,en,REGULAR,2025-09-30T21:03:24.101714
AEA000801018,Abu Dhabi Islamic Bank,53087014,So good,Migration project experience and intellect system,Close branches and terminate lot of colleagues,4,https://www.glassdoor.com/Reviews/Employee-Review--RVW53087014.htm,Internet Banking Specialist,2021-09-25T12:19:38.577Z,REGULAR,TRUE,9,,,0,0,NEUTRAL,2,,3,3,,NEGATIVE,4,3,eng,602454,12,en,REGULAR,2025-09-30T21:03:24.101714
AEA000801018,Abu Dhabi Islamic Bank,52105418,Very good environment,Healthy and good environment with many aspects to learn .,Structure is not very stable .,5,https://www.glassdoor.com/Reviews/Employee-Review--RVW52105418.htm,IT Support,2021-09-04T23:44:52.657Z,REGULAR,TRUE,0,"Cairo, Cairo Governorate",,0,0,,,,,,,,,,eng,602454,13,en,REGULAR,2025-09-30T21:03:23.823827
AEA000801018,Abu Dhabi Islamic Bank,52094043,good bank,good bank to work as a start,they didn't invest in IT,4,https://www.glassdoor.com/Reviews/Employee-Review--RVW52094043.htm,Senior IT Engineer,2021-09-04T11:38:48.930Z,REGULAR,FALSE,0,"Cairo, Cairo Governorate",,0,0,POSITIVE,3,,3,3,3,POSITIVE,3,3,eng,602454,13,en,REGULAR,2025-09-30T21:03:23.823827
AEA000801018,Abu Dhabi Islamic Bank,51728996,Operations unit (Remitance),i worked bank in abu dhabi since 2004.,Other experience in bank material and kitchen item request all details will get my resum.,5,https://www.glassdoor.com/Reviews/Employee-Review--RVW51728996.htm,Bank Clerk,2021-08-27T07:55:28.040Z,REGULAR,FALSE,20,"Abu Dhabi, Abu Dhabi",i processed lacal currency standing oredr &amp; below  aed 15000.,0,0,,5,,5,5,,NEGATIVE,,,eng,602454,13,en,REGULAR,2025-09-30T21:03:23.823827
AEA000801018,Abu Dhabi Islamic Bank,50921232,Compensation Analyst,The Compensation Analyst will research job requirements and evaluate job positions to ensure the company is competitive in the areas of salaries and employee benefits.,Prepares and maintains job descriptions for each position in the organization; ensures descriptions accurately reflect the work being performed by incumbents.,5,https://www.glassdoor.com/Reviews/Employee-Review--RVW50921232.htm,Compensation Analyst,2021-08-10T06:19:38.090Z,REGULAR,TRUE,4,"Abu Dhabi, Abu Dhabi",,0,0,POSITIVE,5,,5,5,5,POSITIVE,5,5,eng,602454,13,en,REGULAR,2025-09-30T21:03:23.823827
AEA000801018,Abu Dhabi Islamic Bank,50840500,A good starting company for fresh graduates,"Good Environment

Exposed to a lot of Different IT Systems 

Good learning environment","Poor career path outlook

Poor project delivery dates commitment 

Senior management is detached from lower level employees",4,https://www.glassdoor.com/Reviews/Employee-Review--RVW50840500.htm,Senior Applications Associate,2021-08-08T09:40:14.907Z,REGULAR,FALSE,2,"Cairo, Cairo Governorate",,0,0,POSITIVE,3,,4,4,4,POSITIVE,3,3,eng,602454,13,en,REGULAR,2025-09-30T21:03:23.823827
AEA000801018,Abu Dhabi Islamic Bank,50830550,Good organization,"One of the big name name in financial sector ,multinational Bank","Top Management and decision making authorities  are not fully aware about the business matrix ,machanasim, No interaction between employees and management, monopoly structure, leg poling ,no appreciation for talented staff, No career path",2,https://www.glassdoor.com/Reviews/Employee-Review--RVW50830550.htm,Business Development Manager,2021-08-07T23:38:28.657Z,REGULAR,FALSE,4,Dubai,"Always give importance to your subordinates and encourage their opinion,  never take decision alone and do consider the suggestions and have deep analysis about the employee strengths and ensure his career to grow",0,0,POSITIVE,2,,2,1,1,POSITIVE,1,2,eng,602454,13,en,REGULAR,2025-09-30T21:03:23.823827
AEA000801018,Abu Dhabi Islamic Bank,50584136,No career progression - Very low salaries,#NAME?,#NAME?,1,https://www.glassdoor.com/Reviews/Employee-Review--RVW50584136.htm,Business Analyst,2021-08-02T11:46:29.330Z,REGULAR,FALSE,0,,"Talk to your employees. Everyone is unhappy with their situation and no one is speaking up. Improve your salaries, instead of hiring new employees, check if the current employees deserve a promotion or raise.",0,0,,,,,,,,,,eng,602454,13,en,REGULAR,2025-09-30T21:03:23.823827
AEA000801018,Abu Dhabi Islamic Bank,50501457,fair,good place with low salary but you will learn a lot there.,salary is low compared to the responsibilities you are taking care of.,3,https://www.glassdoor.com/Reviews/Employee-Review--RVW50501457.htm,,2021-07-30T17:03:16.387Z,REGULAR,FALSE,4,,,0,0,,4,,,,,,,,eng,602454,13,en,REGULAR,2025-09-30T21:03:23.823827
AEA000801018,Abu Dhabi Islamic Bank,50372984,Review,"Good working place

Experienced team managers

Very comfortable environment where you actually sometimes forget that you're in a workplace but in a professional way.

Over the 2 years i have learned so much from transfers and Treasury . the bank staff always encourage you to learn something new and provide trainings for the desired subjects.","Distance from home to office

Long hours

job security

Nil

Nil

Nil

Nil",4,https://www.glassdoor.com/Reviews/Employee-Review--RVW50372984.htm,Operations Supervisor,2021-07-28T02:02:01.693Z,REGULAR,FALSE,0,,,0,0,,,,,,,,,,eng,602454,13,en,REGULAR,2025-09-30T21:03:23.823827
AEA000801018,Abu Dhabi Islamic Bank,50323025,Decent job,"Comfortable Team members, Latest technologies, Microsoft empowered technologies. Good Facilities.","No Hikes, More pressure, No Work From Home, Pathetic HR Solution",5,https://www.glassdoor.com/Reviews/Employee-Review--RVW50323025.htm,,2021-07-27T05:14:22.060Z,REGULAR,TRUE,9,"Abu Dhabi, Abu Dhabi","Remove all old school mindsets and keep who has domain knowledge, Pathetic HR Solution",0,0,POSITIVE,4,APPROVE,4,2,2,NEGATIVE,2,5,eng,602454,13,en,REGULAR,2025-09-30T21:03:23.823827
AEA000801018,Abu Dhabi Islamic Bank,49801973,Good work enviroment,"Work life balance

Public holidays

Slow work","Office politics

No salary increase

Small bonus",4,https://www.glassdoor.com/Reviews/Employee-Review--RVW49801973.htm,Product Manager,2021-07-15T03:27:45.737Z,REGULAR,FALSE,0,Dubai,,0,0,NEUTRAL,3,,3,1,1,NEGATIVE,1,5,eng,602454,14,en,REGULAR,2025-09-30T21:03:25.618149
AEA000801018,Abu Dhabi Islamic Bank,49599667,Good,Good environment and good stuff,Nothing to be honest with them,5,https://www.glassdoor.com/Reviews/Employee-Review--RVW49599667.htm,Customer Service,2021-07-11T06:12:15.677Z,REGULAR,TRUE,0,,,0,0,,5,,5,5,3,NEGATIVE,5,5,eng,602454,14,en,REGULAR,2025-09-30T21:03:25.618149
AEA000801018,Abu Dhabi Islamic Bank,49388955,All good but manageme,"Management have abnormal pressure
And no timing of working",It depends on the management but as per my experiment i found really unethical pressure,3,https://www.glassdoor.com/Reviews/Employee-Review--RVW49388955.htm,Business Development Manager,2021-07-06T12:24:37.327Z,REGULAR,TRUE,1,Dubai,Be  nice with employer and have checks if anything wrong with employees,0,0,,3,,3,2,3,,3,3,eng,602454,14,en,REGULAR,2025-09-30T21:03:25.618149
AEA000801018,Abu Dhabi Islamic Bank,48719995,Working in ADIB,Good place and good salary,Stress and pressure from all levels,4,https://www.glassdoor.com/Reviews/Employee-Review--RVW48719995.htm,IT Manager,2021-06-23T00:42:37.863Z,REGULAR,TRUE,9,,Better project managers should be assigned,0,0,,4,,4,4,4,POSITIVE,4,4,eng,602454,14,en,REGULAR,2025-09-30T21:03:25.618149
AEA000801018,Abu Dhabi Islamic Bank,48082668,Not the best bank to work with,"- Average basic salary, with a generous allowances. 

- Medical, life &amp; disability insurance included.

- Annual leave of 25 working days per year.","- Long probation period of 6 months.

- Long notice period of 90 days. If you want to leave earlier, then you must pay back the bank your basic salary divided by the number of days you don't want to work, along with any allowanced that were pre-paid to you. This is unnegotiable with their HR, unless you speak to the Head &amp; beg. 

- Long working hours.

- Unnecessary drives to Abu Dhabi for meetings that could be done on the phone.",3,https://www.glassdoor.com/Reviews/Employee-Review--RVW48082668.htm,,2021-06-08T18:11:15.690Z,REGULAR,FALSE,1,Dubai,"Be more considerate toward people's situations, and discourage micromanagement style.",0,0,NEUTRAL,3,,3,2,1,NEGATIVE,1,1,eng,602454,14,en,REGULAR,2025-09-30T21:03:25.618149
AEA000801018,Abu Dhabi Islamic Bank,46766725,Corporate Banker &amp; Finance Specialist,Great institution to work at,Wrong people at wrong places,4,https://www.glassdoor.com/Reviews/Employee-Review--RVW46766725.htm,Relationship Manager,2021-05-11T03:57:22.077Z,REGULAR,FALSE,20,"Abu Dhabi, Abu Dhabi",right people should be placed at right places,0,0,NEUTRAL,4,,2,2,2,POSITIVE,2,2,eng,602454,14,en,REGULAR,2025-09-30T21:03:25.618149
AEA000801018,Abu Dhabi Islamic Bank,45993005,nothing,nothing is there to explain,waste of working in the company,1,https://www.glassdoor.com/Reviews/Employee-Review--RVW45993005.htm,Relationship Manager,2021-04-24T08:03:53.950Z,REGULAR,FALSE,2,Dubai,,0,0,NEGATIVE,1,,1,1,1,NEGATIVE,1,1,eng,602454,14,en,REGULAR,2025-09-30T21:03:25.618149
AEA000801018,Abu Dhabi Islamic Bank,45797498,International Beneficiaries,Non Non Non Non Non,"This has the worst advanced option. Have had to go during a tough period just to add a beneficiary which have am account number that consists of letters and numbers when the website allows you to enter numbers only which is inconvenient for banks outside the UAE. Also there are furthermore unnecessary complications, such as the previously mentioned issue which was an option in the old ADIB website and is removed from the renewed ADIB banking website :/",1,https://www.glassdoor.com/Reviews/Employee-Review--RVW45797498.htm,Credit Analyst,2021-04-20T13:16:10.963Z,REGULAR,TRUE,1,"Abu Dhabi, Abu Dhabi",This needs to go back to what it was or add an extra manual option for those who want to enter the bank details by themselves and not used the registered entities.,1,0,NEGATIVE,,,,,,NEGATIVE,,,eng,602454,14,en,REGULAR,2025-09-30T21:03:25.618149
AEA000801018,Abu Dhabi Islamic Bank,45521715,Undermined,None to describe out here,Too many to fit into this little space,1,https://www.glassdoor.com/Reviews/Employee-Review--RVW45521715.htm,Operations Supervisor,2021-04-14T15:45:01.807Z,REGULAR,TRUE,6,Dubai,,0,0,NEGATIVE,1,,1,1,1,NEGATIVE,1,1,eng,602454,14,en,REGULAR,2025-09-30T21:03:25.618149
AEA000801018,Abu Dhabi Islamic Bank,45412658,adib headline,environment is pretty damn good,none none none none none,5,https://www.glassdoor.com/Reviews/Employee-Review--RVW45412658.htm,Financial Analyst,2021-04-12T19:57:12.650Z,REGULAR,TRUE,0,"Abu Dhabi, Abu Dhabi",,0,0,,,,,,,,,,eng,602454,14,en,REGULAR,2025-09-30T21:03:25.618149
AEA000801018,Abu Dhabi Islamic Bank,45249569,Ok,Work-life balance and friendly staff,No scope of growth and management do not work,2,https://www.glassdoor.com/Reviews/Employee-Review--RVW45249569.htm,Coordinator,2021-04-08T22:36:42.600Z,REGULAR,FALSE,4,Dubai,,0,0,,,,,,,,,,eng,602454,15,en,REGULAR,2025-09-30T21:03:23.988091
AEA000801018,Abu Dhabi Islamic Bank,45211646,"Good as a stepping stone, but not for much else",Provides good experience and exposure to the market,"Salaries and benefits are abysmal and a material pay raise is a near impossibility, special connections and interests are the driving force of corporate ladder, lack of clear KPI's.",2,https://www.glassdoor.com/Reviews/Employee-Review--RVW45211646.htm,Relationship Manager,2021-04-08T07:33:17.097Z,REGULAR,FALSE,4,"Abu Dhabi, Abu Dhabi",,0,0,NEGATIVE,2,,2,2,3,NEGATIVE,2,4,eng,602454,15,en,REGULAR,2025-09-30T21:03:23.988091
AEA000801018,Abu Dhabi Islamic Bank,45094086,.,Good good good good good,Nothing nothing nothing nothing nothing,3,https://www.glassdoor.com/Reviews/Employee-Review--RVW45094086.htm,Relationship Manager,2021-04-06T09:53:47.417Z,REGULAR,TRUE,4,Dubai,,0,0,,,,,,,,,,eng,602454,15,en,REGULAR,2025-09-30T21:03:23.988091
AEA000801018,Abu Dhabi Islamic Bank,44710290,Work experience,Great process oriented education in most fields.,VERY low room for promotion.,3,https://www.glassdoor.com/Reviews/Employee-Review--RVW44710290.htm,IT Help Desk Manager,2021-03-29T05:09:27.457Z,REGULAR,FALSE,0,,Set a transparent career path for every employee.,0,0,,4,,3,3,5,NEGATIVE,1,1,eng,602454,15,en,REGULAR,2025-09-30T21:03:23.988091
AEA000801018,Abu Dhabi Islamic Bank,44523316,Review,Introduce a  significant career growth,Difficult inter communication between departments,4,https://www.glassdoor.com/Reviews/Employee-Review--RVW44523316.htm,Office Manager,2021-03-24T18:20:26.730Z,REGULAR,FALSE,2,"Cairo, Cairo Governorate",Enhancing communication between  different management,0,0,POSITIVE,4,,3,3,3,POSITIVE,4,5,eng,602454,15,en,REGULAR,2025-09-30T21:03:23.988091
AEA000801018,Abu Dhabi Islamic Bank,43276881,Amazing,Work atmosphere and the team support,No cons are available to disclose,4,https://www.glassdoor.com/Reviews/Employee-Review--RVW43276881.htm,Project Manager/Project Engineer,2021-03-01T10:16:23.083Z,REGULAR,FALSE,0,"Toronto, ON",,0,0,POSITIVE,4,,4,4,4,POSITIVE,4,5,eng,602454,15,en,REGULAR,2025-09-30T21:03:23.988091
AEA000801018,Abu Dhabi Islamic Bank,41548321,Good,Good experience and environment to work in,long hours with short breaks,4,https://www.glassdoor.com/Reviews/Employee-Review--RVW41548321.htm,Senior Accountant,2021-01-28T03:19:14.980Z,REGULAR,FALSE,0,"Abu Dhabi, Abu Dhabi",,0,0,POSITIVE,3,,3,3,3,POSITIVE,3,2,eng,602454,15,en,REGULAR,2025-09-30T21:03:23.988091
AEA000801018,Abu Dhabi Islamic Bank,41335358,How to recommend a bank,Easy jobs with easy admins,Very good bank with financial abilities,5,https://www.glassdoor.com/Reviews/Employee-Review--RVW41335358.htm,Analyst,2021-01-24T16:20:02.380Z,REGULAR,TRUE,0,,,0,0,,,,,,,,,,eng,602454,15,en,REGULAR,2025-09-30T21:03:23.988091
AEA000801018,Abu Dhabi Islamic Bank,41327661,Fast growing bank,"Fast growing, always improving, relatively stable for employees. No bell curve in the appraisal system.","Bureaucratic, prefers safety over creativity, no good career planning, poor core banking system.",4,https://www.glassdoor.com/Reviews/Employee-Review--RVW41327661.htm,Head of Management Information Systems,2021-01-24T12:11:42.507Z,REGULAR,TRUE,0,"Cairo, Cairo Governorate",Use more internal capabilities and reduce outsourcing when applicable.,0,0,POSITIVE,3,,4,3,4,POSITIVE,4,3,eng,602454,15,en,REGULAR,2025-09-30T21:03:23.988091
AEA000801018,Abu Dhabi Islamic Bank,40729841,Great company,"* good salary 

* you get paid on time

* your overtime hours are appreciated and paid

* good colleagues

* the place location is good","* sometimes your team leaders doesn’t listen to your suggestions thinking that you are in a lower level 

* no body listens to your complaints",4,https://www.glassdoor.com/Reviews/Employee-Review--RVW40729841.htm,Call Center Representative,2021-01-14T15:16:12.283Z,REGULAR,FALSE,1,"Abu Dhabi, Abu Dhabi",Perhaps you can promote who actually deserve promoting,0,0,POSITIVE,5,,4,4,4,POSITIVE,4,4,eng,602454,15,en,REGULAR,2025-09-30T21:03:23.988091
AEA000801018,Abu Dhabi Islamic Bank,39782783,"Great experience , not very good in terms of compensation",High paced work environment and good environment,"Benefits and compensation are not great, slow growth",3,https://www.glassdoor.com/Reviews/Employee-Review--RVW39782783.htm,Branch Support,2020-12-24T09:46:20.303Z,REGULAR,FALSE,6,,Listen to your employees more,0,0,POSITIVE,3,,1,5,,NEGATIVE,3,3,eng,602454,16,en,REGULAR,2025-09-30T21:03:25.337559
AEA000801018,Abu Dhabi Islamic Bank,39665033,Not a great place to join,Family friendly environment and stability,"Poor incentives and performance compensations

No clear policies and procedures",3,https://www.glassdoor.com/Reviews/Employee-Review--RVW39665033.htm,Vice President,2020-12-20T22:17:55.843Z,REGULAR,TRUE,0,Dubai,"Clear career plans fir employees needed

Senior management directions should be there",0,0,NEGATIVE,2,,2,3,1,NEGATIVE,1,4,eng,602454,16,en,REGULAR,2025-09-30T21:03:25.337559
AEA000801018,Abu Dhabi Islamic Bank,39183363,Worse organization I ever see from a-z,brand local markets is good,"I don't know how to right it here

But it's full of uneducated racsie, selfish, stuff and hr is disaster, branches is more internally, working her is really bad for your mental health",1,https://www.glassdoor.com/Reviews/Employee-Review--RVW39183363.htm,IFE,2020-12-07T12:51:46.017Z,REGULAR,TRUE,2,Dubai,Start with hr at least,0,0,NEGATIVE,1,,1,1,1,NEGATIVE,1,1,eng,602454,16,en,REGULAR,2025-09-30T21:03:25.337559
AEA000801018,Abu Dhabi Islamic Bank,37577650,ADIB,One of the top banks in UAE,Excellent Islamic banking experience ever,5,https://www.glassdoor.com/Reviews/Employee-Review--RVW37577650.htm,Senior Manager Human Resources,2020-10-24T22:26:15.247Z,REGULAR,TRUE,0,"Abu Dhabi, Abu Dhabi",,0,0,,,,,,,,,,eng,602454,16,en,REGULAR,2025-09-30T21:03:25.337559
AEA000801018,Abu Dhabi Islamic Bank,37560349,Not good working environment,experience you gain and professional conduct,"bad working environment, 

bad mgmt 

bad development scheme",1,https://www.glassdoor.com/Reviews/Employee-Review--RVW37560349.htm,Collections Agent,2020-10-24T05:25:26.027Z,REGULAR,FALSE,2,"Abu Dhabi, Abu Dhabi",resign,0,0,POSITIVE,1,,2,1,1,NEGATIVE,1,1,eng,602454,16,en,REGULAR,2025-09-30T21:03:25.337559
AEA000801018,Abu Dhabi Islamic Bank,37010839,Low salaries,Although the low salaries but the have some incentives related to target,"Low salaries, tough attitude, unprofessional",3,https://www.glassdoor.com/Reviews/Employee-Review--RVW37010839.htm,Personal Banker,2020-10-11T15:31:10.767Z,REGULAR,TRUE,0,"Cairo, Cairo Governorate",,0,0,NEUTRAL,4,,3,4,2,POSITIVE,3,3,eng,602454,16,en,REGULAR,2025-09-30T21:03:25.337559
AEA000801018,Abu Dhabi Islamic Bank,36681990,Very nice bank to work,"Low work pressure, great management","Increment, bonus, process, point of contact",5,https://www.glassdoor.com/Reviews/Employee-Review--RVW36681990.htm,Big Data Analytics,2020-10-04T05:57:03.297Z,REGULAR,TRUE,0,"Abu Dhabi, Abu Dhabi",Lovely,0,0,POSITIVE,4,,3,5,5,POSITIVE,5,5,eng,602454,16,en,REGULAR,2025-09-30T21:03:25.337559
AEA000801018,Abu Dhabi Islamic Bank,36152951,"I'm glad I got this opportunity, even though there were more negatives than positives.","Learning experience
Rotation between teams
Willing to give people a chance for work.","Major Outsourcing of Staff
Low level of learning
Long working hours",3,https://www.glassdoor.com/Reviews/Employee-Review--RVW36152951.htm,Credit Analyst,2020-09-20T00:52:40.417Z,REGULAR,FALSE,4,Sharjah,Some staff appreciation wouldn't hurt.,0,0,NEUTRAL,2,,2,2,,NEGATIVE,2,2,eng,602454,16,en,REGULAR,2025-09-30T21:03:25.337559
AEA000801018,Abu Dhabi Islamic Bank,36009512,Flexible Employer,"Full Range of Medical Benefits, Professional Working Environment, Disciplined Colleagues.",Difficult to get frequent promotions,4,https://www.glassdoor.com/Reviews/Employee-Review--RVW36009512.htm,,2020-09-16T01:05:57.813Z,REGULAR,FALSE,6,,More Training schedules for employees,0,0,POSITIVE,3,,3,4,,POSITIVE,4,4,eng,602454,16,en,REGULAR,2025-09-30T21:03:25.337559
AEA000801018,Abu Dhabi Islamic Bank,34935064,good place of work in it,being with good people to work with,don't have something to say,5,https://www.glassdoor.com/Reviews/Employee-Review--RVW34935064.htm,Senior Infrastructure Operations Engineer,2020-08-15T02:40:01.970Z,REGULAR,TRUE,2,"Cairo, Cairo Governorate",,0,0,POSITIVE,5,,5,5,,POSITIVE,5,5,eng,602454,16,en,REGULAR,2025-09-30T21:03:25.337559
AEA000801018,Abu Dhabi Islamic Bank,33942692,"Good perks, challenging environment, lots of learning",Great learning opportunities. Positive outlook.,Too much emphasis on internal networking to succeed at your job.,4,https://www.glassdoor.com/Reviews/Employee-Review--RVW33942692.htm,Scrum Master,2020-06-28T13:20:21.150Z,REGULAR,FALSE,1,"Abu Dhabi, Abu Dhabi",,0,0,POSITIVE,3,,3,5,,POSITIVE,3,1,eng,602454,17,en,REGULAR,2025-09-30T21:03:24.842208
AEA000801018,Abu Dhabi Islamic Bank,33284582,Sharia banking /car loans/personal loans,Learning about Islamic banking and finance,There are none but I took different path,5,https://www.glassdoor.com/Reviews/Employee-Review--RVW33284582.htm,Sales Executive,2020-05-20T17:45:06.977Z,REGULAR,FALSE,0,Bahía Blanca,,0,0,,,,,,,,,,eng,602454,17,en,REGULAR,2025-09-30T21:03:24.842208
AEA000801018,Abu Dhabi Islamic Bank,33123452,Extremely political and laid back,"Work life balance, customer friendly","Office politics, relativism, laid back, no career growtg",1,https://www.glassdoor.com/Reviews/Employee-Review--RVW33123452.htm,Business Unit Head,2020-05-11T13:37:59.397Z,REGULAR,FALSE,6,,"You are loosing good talent, listen and understand employee",0,0,NEUTRAL,1,,3,2,,,2,5,eng,602454,17,en,REGULAR,2025-09-30T21:03:24.842208
AEA000801018,Abu Dhabi Islamic Bank,32366009,ADIB,"Prestigious working place 

Good environment",Salaries are not the best in the market,4,https://www.glassdoor.com/Reviews/Employee-Review--RVW32366009.htm,Greeter,2020-03-14T12:55:35.747Z,REGULAR,TRUE,0,"Cairo, Cairo Governorate",,0,0,,,,,,,,,,eng,602454,17,en,REGULAR,2025-09-30T21:03:24.842208
AEA000801018,Abu Dhabi Islamic Bank,31914237,Best Islamic Bank available,Most popular. Supportive seniors. Good training,Salaries are lower than the market,3,https://www.glassdoor.com/Reviews/Employee-Review--RVW31914237.htm,Business Relationship Manager,2020-02-17T12:25:16.183Z,REGULAR,FALSE,9,"Abu Dhabi, Abu Dhabi",,0,0,NEUTRAL,2,,2,3,,POSITIVE,3,4,eng,602454,17,en,REGULAR,2025-09-30T21:03:24.842208
AEA000801018,Abu Dhabi Islamic Bank,31807493,Process is slow,"Salary  is good, some teams are amazing","Hierarchy is bad, can't tolerate politics",3,https://www.glassdoor.com/Reviews/Employee-Review--RVW31807493.htm,Senior BI Analyst,2020-02-11T11:14:27.977Z,REGULAR,TRUE,4,"Abu Dhabi, Abu Dhabi",,0,0,NEUTRAL,3,,4,3,,NEGATIVE,4,5,eng,602454,17,en,REGULAR,2025-09-30T21:03:24.842208
AEA000801018,Abu Dhabi Islamic Bank,30670823,Head of Sales,International market Cosmopolitan Digitization and continuous advancement,Limited consumers open risk and,5,https://www.glassdoor.com/Reviews/Employee-Review--RVW30670823.htm,Head Sales & Marketing,2019-12-03T00:43:12.527Z,REGULAR,TRUE,20,Dubai,,0,0,,,,,,,,,,eng,602454,17,en,REGULAR,2025-09-30T21:03:24.842208
AEA000801018,Abu Dhabi Islamic Bank,30637109,Salary variance in the same position,"Good culture 

Staff are friendly 

Work life balance","Low salaries 

Salaries are different in the same position with same grade",3,https://www.glassdoor.com/Reviews/Employee-Review--RVW30637109.htm,Senior Compliance Officer,2019-11-30T12:32:33.633Z,REGULAR,FALSE,4,"Abu Dhabi, Abu Dhabi",Match salaries on the same grade,0,0,NEUTRAL,3,,2,4,,NEGATIVE,4,4,eng,602454,17,en,REGULAR,2025-09-30T21:03:24.842208
AEA000801018,Abu Dhabi Islamic Bank,30601098,ADIB,More experience  and skills as well,"User experience, data , sensitivity",5,https://www.glassdoor.com/Reviews/Employee-Review--RVW30601098.htm,,2019-11-27T10:25:25.847Z,,TRUE,0,,N/A,0,0,,,,,,,,,,eng,602454,17,en,REGULAR,2025-09-30T21:03:24.842208
AEA000801018,Abu Dhabi Islamic Bank,29694653,ADIB,#NAME?,#NAME?,5,https://www.glassdoor.com/Reviews/Employee-Review--RVW29694653.htm,Treasury Officer,2019-10-08T18:04:56.140Z,REGULAR,FALSE,2,,,0,0,POSITIVE,4,,4,5,,POSITIVE,5,4,eng,602454,17,en,REGULAR,2025-09-30T21:03:24.842208
AEA000801018,Abu Dhabi Islamic Bank,28615513,Merchant Services,Pioneer Islamic Acquirer in UAE,Stringent merchant on-boarding policy,4,https://www.glassdoor.com/Reviews/Employee-Review--RVW28615513.htm,Head of Direct Sales,2019-08-13T19:36:54.883Z,REGULAR,FALSE,0,Dubai,,0,0,,,,,,,,,,eng,602454,18,en,REGULAR,2025-09-30T21:03:24.100315
AEA000801018,Abu Dhabi Islamic Bank,28091477,GOOD,you will learn more stuff and advanced your career,too much  work no time for fun,3,https://www.glassdoor.com/Reviews/Employee-Review--RVW28091477.htm,IT Support Specialist,2019-07-18T04:11:13.590Z,REGULAR,FALSE,1,"Abu Dhabi, Abu Dhabi",,0,0,NEUTRAL,3,,3,2,,POSITIVE,2,1,eng,602454,18,en,REGULAR,2025-09-30T21:03:24.100315
AEA000801018,Abu Dhabi Islamic Bank,27202151,Human Resources Department,"An open culture and environment for learning and development, and post performance",Role Organization Structure in terms of communication,4,https://www.glassdoor.com/Reviews/Employee-Review--RVW27202151.htm,Senior Human Resources Generalist,2019-06-12T10:54:35.707Z,REGULAR,TRUE,2,"Cairo, Cairo Governorate","Keep investing in People development, increase growth opportunities for juniors",0,0,POSITIVE,4,,4,4,,POSITIVE,4,3,eng,602454,18,en,REGULAR,2025-09-30T21:03:24.100315
AEA000801018,Abu Dhabi Islamic Bank,26678770,Great Place to work,#NAME?,#NAME?,4,https://www.glassdoor.com/Reviews/Employee-Review--RVW26678770.htm,Systems Administrator,2019-06-10T16:00:18.943Z,REGULAR,TRUE,2,"Abu Dhabi, Abu Dhabi",#NAME?,0,0,POSITIVE,3,,4,3,,POSITIVE,3,3,eng,602454,18,en,REGULAR,2025-09-30T21:03:24.100315
AEA000801018,Abu Dhabi Islamic Bank,25736642,Trade Finance officer,get a good experience in Islamic banking field,Low salary and stay long time @work,1,https://www.glassdoor.com/Reviews/Employee-Review--RVW25736642.htm,Trade Finance Officer,2019-04-18T04:14:43.273Z,REGULAR,TRUE,9,"Cairo, Cairo Governorate",Reconstruction for salaries,0,0,,1,,1,1,,NEGATIVE,1,1,eng,602454,18,en,REGULAR,2025-09-30T21:03:24.100315
AEA000801018,Abu Dhabi Islamic Bank,24149691,Data Center Infrastructure Engineer,"Contract , salary, insurance, 2 days off","Work under pressure , not fixed working hours",3,https://www.glassdoor.com/Reviews/Employee-Review--RVW24149691.htm,,2019-01-10T12:09:11.143Z,REGULAR,TRUE,4,"Cairo, Cairo Governorate",,0,0,POSITIVE,3,,3,3,,NEGATIVE,3,3,eng,602454,18,en,REGULAR,2025-09-30T21:03:24.100315
AEA000801018,Abu Dhabi Islamic Bank,23850919,Assistant Relationship Manager,Sufficient trainings for all employees,Horrible place to work in specially for fresh graduates. Extremely unprofessional and hostile working place. Simply a working environment with no respect for young people and HR is completely useless and biased to the management.,1,https://www.glassdoor.com/Reviews/Employee-Review--RVW23850919.htm,Assistant Relationship Manager,2018-12-16T02:58:31.823Z,REGULAR,FALSE,2,"Abu Dhabi, Abu Dhabi",,1,0,NEGATIVE,1,NO_OPINION,1,1,,NEGATIVE,1,1,eng,602454,18,en,REGULAR,2025-09-30T21:03:24.100315
AEA000801018,Abu Dhabi Islamic Bank,23761466,bad managment,"Nil, Not much to elaborate",Worthless managment. High work pressure,2,https://www.glassdoor.com/Reviews/Employee-Review--RVW23761466.htm,,2018-12-08T23:34:17.050Z,REGULAR,FALSE,0,,,0,0,,,,,,,,,,eng,602454,18,en,REGULAR,2025-09-30T21:03:24.100315
AEA000801018,Abu Dhabi Islamic Bank,23515765,Business relationship manager,Career growth is good and can earn lots of incentives,Promotion will get delay . More competitive in the market,5,https://www.glassdoor.com/Reviews/Employee-Review--RVW23515765.htm,,2018-11-21T10:07:10.110Z,REGULAR,FALSE,0,,,0,0,POSITIVE,4,,4,4,,POSITIVE,4,4,eng,602454,18,en,REGULAR,2025-09-30T21:03:24.100315
AEA000801018,Abu Dhabi Islamic Bank,22718118,RM,"Pretty much non existent, no stability, no morals","Worst environment you would want to be in.
My two cents, run away!",1,https://www.glassdoor.com/Reviews/Employee-Review--RVW22718118.htm,,2018-09-29T07:37:52.420Z,,FALSE,0,,,1,0,,,,,,,,,,eng,602454,18,en,REGULAR,2025-09-30T21:03:24.100315
AEA000801018,Abu Dhabi Islamic Bank,22697423,Their HR department is the worst,Nothing at all I can mention,HR department don't know what they are doing,1,https://www.glassdoor.com/Reviews/Employee-Review--RVW22697423.htm,,2018-09-27T18:39:14.210Z,,FALSE,0,,Be more flexible and understanding,0,0,NEUTRAL,1,NO_OPINION,1,1,,NEGATIVE,1,1,eng,602454,19,en,REGULAR,2025-09-30T21:03:25.333568
AEA000801018,Abu Dhabi Islamic Bank,22126744,Still a governemental place,"Good team

Excellent direct manager

Stable

Good salary

An opportunity to learn","Very long working hours

No Overtime

Very bad compensation",3,https://www.glassdoor.com/Reviews/Employee-Review--RVW22126744.htm,,2018-08-23T11:51:03.897Z,REGULAR,FALSE,0,,Value your people,0,0,,,,,,,NEGATIVE,,,eng,602454,19,en,REGULAR,2025-09-30T21:03:25.333568
AEA000801018,Abu Dhabi Islamic Bank,21177802,Coordinator,#NAME?,#NAME?,4,https://www.glassdoor.com/Reviews/Employee-Review--RVW21177802.htm,,2018-06-23T11:31:20.753Z,REGULAR,TRUE,0,,,0,0,,3,,3,3,,,3,4,eng,602454,19,en,REGULAR,2025-09-30T21:03:25.333568
AEA000801018,Abu Dhabi Islamic Bank,20557229,Unpleasant experience,Nothing except for few nice people I met there.,"Unhealthy environment, outdated technology, unclear career path. Lack of pormotion or movement, no salary increase",2,https://www.glassdoor.com/Reviews/Employee-Review--RVW20557229.htm,Contracts Manager,2018-05-12T17:03:07.570Z,REGULAR,TRUE,4,"Cairo, Cairo Governorate","Just ask how to facilitate your job, make a plan for promotion and advancement, and aquire technology to facilitate the job 9f your staff. And get an outsourced company to write the sops and procedures for you",0,0,NEUTRAL,1,,3,1,,NEGATIVE,1,1,eng,602454,19,en,REGULAR,2025-09-30T21:03:25.333568
AEA000801018,Abu Dhabi Islamic Bank,20504732,Businesse development Team leader,A great experience with an elite group of people,Give more recognition to employees,5,https://www.glassdoor.com/Reviews/Employee-Review--RVW20504732.htm,Business Development Manager,2018-05-09T08:16:50.283Z,REGULAR,FALSE,6,"Abu Dhabi, Abu Dhabi",,0,0,POSITIVE,5,,5,5,,POSITIVE,5,5,eng,602454,19,en,REGULAR,2025-09-30T21:03:25.333568
AEA000801018,Abu Dhabi Islamic Bank,20483686,CEO &amp; MD - Adilease for leasing,Very strong governance and improving strategy with great growth potential,Small capital size and fierce competition,4,https://www.glassdoor.com/Reviews/Employee-Review--RVW20483686.htm,Chief Executive Officer & MD,2018-05-08T06:18:06.907Z,REGULAR,TRUE,9,"Cairo, Cairo Governorate",,0,0,POSITIVE,4,,5,5,,POSITIVE,5,5,eng,602454,19,en,REGULAR,2025-09-30T21:03:25.333568
AEA000801018,Abu Dhabi Islamic Bank,20397667,Procurement project manager,Good place to work in,The stresses of working handle,5,https://www.glassdoor.com/Reviews/Employee-Review--RVW20397667.htm,,2018-05-02T04:44:05.627Z,,FALSE,0,,,0,0,,,,,,,,,,eng,602454,19,en,REGULAR,2025-09-30T21:03:25.333568
AEA000801018,Abu Dhabi Islamic Bank,20080339,ADIB,"Stable business organization

Clear organizational structure","Inefficient unprofessional management

Inefficient work processes within &amp; across departments

Unequal opportunities even for insiders for career development

Subjective unfair employee assessment, despite the apparent professional process",2,https://www.glassdoor.com/Reviews/Employee-Review--RVW20080339.htm,,2018-04-09T12:52:47.333Z,REGULAR,FALSE,0,,"Professional image is good, but what counts is being actually professional.",0,0,NEUTRAL,2,,1,1,,NEGATIVE,1,2,eng,602454,19,en,REGULAR,2025-09-30T21:03:25.333568
AEA000801018,Abu Dhabi Islamic Bank,20041025,Compliance Officer,"1. My manager and senior management are receptive to my suggestion and advise on improving efficiency and operational controls.

2. Management takes ownership of issues and takes proactive steps to fix it.",Stakeholder relationship could be improved further to achieve common objectives.,3,https://www.glassdoor.com/Reviews/Employee-Review--RVW20041025.htm,Compliance Officer,2018-04-06T03:47:02.150Z,,TRUE,4,Dubai,,0,0,POSITIVE,3,,2,3,,POSITIVE,4,3,eng,602454,19,en,REGULAR,2025-09-30T21:03:25.333568
AEA000801018,Abu Dhabi Islamic Bank,19651617,Nothing But Cons,There are absolutely no pros in working for this bank!,"1- They underrate the employee during the appraisal to force him to give in more.

2- They kill the potential of high potential and very well educated people.

3- They discriminate between races and give the benefits and the good ratings to Indians, Egyptians, and UAE Nationals.

4- They don't promote very high achieving employees not even give them an increment they deserve.

5- Their insurance benefit barely covers anything.

6- Their training sessions are completely irrelevant and useless.

7- They treat the employee literally like a slave.

8- Their management approach is very demeaning and disrespectful to the employee.

9-.....etc the list keeps on going with even more cons....etc",1,https://www.glassdoor.com/Reviews/Employee-Review--RVW19651617.htm,Operations Processor,2018-03-12T13:20:01.263Z,REGULAR,TRUE,4,"Abu Dhabi, Abu Dhabi",,0,0,NEGATIVE,1,,1,1,,NEGATIVE,1,1,eng,602454,19,en,REGULAR,2025-09-30T21:03:25.333568
AEA000801018,Abu Dhabi Islamic Bank,18893618,Not a good place to work,"Good family-based benefits, but depends on grade","No career development, your package will not be matched with market after few years, management in flux, departments are not working to the best benefit of the bank and customers, but instead each individual is working to secure his job as long as s/he can.

Knowledge is not shared within the team, due to insecurity fear.

Hard working employees are not distinguished from others, therefore employees are not encouraged to do their job.",2,https://www.glassdoor.com/Reviews/Employee-Review--RVW18893618.htm,,2018-01-24T09:55:54.510Z,REGULAR,TRUE,4,,"There is a gap between employees and management

Improve policies and procedure, so employees won't come up with constrains at work in order not to do their job.

There is no clear guidance how things should be reviewed and processed, it is up to the employee mood to work

Main branch is the reflection of the bank reputation, this needs a LOT of improvement and quality control.",4,0,NEGATIVE,1,,3,1,,NEGATIVE,1,2,eng,602454,20,en,REGULAR,2025-09-30T21:03:24.269938
AEA000801018,Abu Dhabi Islamic Bank,18640038,"good place to work in,",growing bank with big vision,a lot of urgent requests will pop up,4,https://www.glassdoor.com/Reviews/Employee-Review--RVW18640038.htm,Assistant Manager,2018-01-08T22:20:03.113Z,REGULAR,FALSE,9,"Abu Dhabi, Abu Dhabi",nothing to say,0,0,POSITIVE,4,,3,4,,POSITIVE,2,2,eng,602454,20,en,REGULAR,2025-09-30T21:03:24.269938
AEA000801018,Abu Dhabi Islamic Bank,15044619,New joiner project manager review,"Good people, solid management team, resourceful organization, plenty of opportunities to contribute","office infrastructure is weak, admin is poor and HR involvement is less",3,https://www.glassdoor.com/Reviews/Employee-Review--RVW15044619.htm,Project Manager,2017-05-13T09:27:30.953Z,REGULAR,TRUE,1,"Abu Dhabi, Abu Dhabi",Work on the office infra and collaborate with people. As this organization is growing now it needs to become professionally structured,0,0,POSITIVE,4,,4,3,,POSITIVE,4,4,eng,602454,20,en,REGULAR,2025-09-30T21:03:24.269938
AEA000801018,Abu Dhabi Islamic Bank,14345305,Credit Analyst,Really professional company and competitive salary packages.,Very corporate oriented when it comes to moving up the ladder,4,https://www.glassdoor.com/Reviews/Employee-Review--RVW14345305.htm,,2017-03-25T14:40:49.513Z,REGULAR,FALSE,1,Doha,,0,0,POSITIVE,3,,4,4,,POSITIVE,3,4,eng,602454,20,en,REGULAR,2025-09-30T21:03:24.269938
AEA000801018,Abu Dhabi Islamic Bank,13698017,Good place to work for,"Innovative
Very challenging, fir IT The bank rely very much on the IT team, always there is something new to do","Dont appreciate hard work,
A lot of processes but not used, growth not committed , formal dressing, always under pressure and stress",3,https://www.glassdoor.com/Reviews/Employee-Review--RVW13698017.htm,DC Manager,2017-02-08T17:51:06.853Z,REGULAR,TRUE,4,"Cairo, Cairo Governorate",Be ready for great challenges,0,0,NEUTRAL,3,DISAPPROVE,2,3,,POSITIVE,3,1,eng,602454,20,en,REGULAR,2025-09-30T21:03:24.269938
AEA000801018,Abu Dhabi Islamic Bank,13540959,Not good for starters - Completely political and unprofessional,#NAME?,#NAME?,1,https://www.glassdoor.com/Reviews/Employee-Review--RVW13540959.htm,Credit Analyst,2017-01-29T21:07:37.510Z,REGULAR,TRUE,0,Dubai,Close the business as soon as possible.,0,0,NEGATIVE,1,,1,1,,NEGATIVE,1,1,eng,602454,20,en,REGULAR,2025-09-30T21:03:24.269938
AEA000801018,Abu Dhabi Islamic Bank,13111035,customer relationship officer/& acting customer relationship manager,it is a very large and well reputed bank in middle east not in UAE ONLY since i had wit for more than 13 years in different departments and i was from founders,opening of  too much branches  since its positive and negative at same time i meant about  reducing the expenses since the cost is very high,5,https://www.glassdoor.com/Reviews/Employee-Review--RVW13111035.htm,Customer Relationship Officer,2016-12-27T07:21:58.717Z,,FALSE,20,Dubai,to mix the youth staff with experienced staff for bank benefits and developing the work and  facilitate the requirements for getting finance,0,0,POSITIVE,5,,5,5,,POSITIVE,5,5,eng,602454,20,en,REGULAR,2025-09-30T21:03:24.269938
AEA000801018,Abu Dhabi Islamic Bank,12953532,GOOD,Best working environment/ supporting management/,N/A,5,https://www.glassdoor.com/Reviews/Employee-Review--RVW12953532.htm,Middle Office Analyst,2016-12-10T00:07:54.700Z,REGULAR,FALSE,4,Dubai,,0,0,POSITIVE,4,,4,4,,POSITIVE,4,5,eng,602454,20,en,REGULAR,2025-09-30T21:03:24.269938
AEA000801018,Abu Dhabi Islamic Bank,11750776,Work environment,Friendly colleagues and the location of their branch is perfect.,"Unfriendly manager, stressful job with little recognition and low salary.",2,https://www.glassdoor.com/Reviews/Employee-Review--RVW11750776.htm,,2016-08-31T09:24:54.443Z,,FALSE,1,"Abu Dhabi, Abu Dhabi","Motivate your workers and increase incentives. 

Be more friendly.",0,0,NEUTRAL,1,,1,2,,NEGATIVE,2,1,eng,602454,20,en,REGULAR,2025-09-30T21:03:24.269938
AEA000801018,Abu Dhabi Islamic Bank,11507554,IT Senior Systems Administrator,"Very supportive Management Team, awesome IT team members.",Heavy work loads and no work/life balance.,4,https://www.glassdoor.com/Reviews/Employee-Review--RVW11507554.htm,IT Infrastructure Senior Engineer,2016-08-09T13:13:09.143Z,REGULAR,TRUE,2,"Cairo, Cairo Governorate",,0,0,NEUTRAL,4,,4,3,,POSITIVE,3,3,eng,602454,20,en,REGULAR,2025-09-30T21:03:24.269938
AEA000801018,Abu Dhabi Islamic Bank,11420993,Senior Manager,"Freedom at work, work life balance,","bureaucratic, shadow of citi bank, too much dead wood in organization",3,https://www.glassdoor.com/Reviews/Employee-Review--RVW11420993.htm,,2016-08-01T12:31:11.077Z,REGULAR,TRUE,2,,"pay more attention development of junior and mid level employees, bring in change come out from shadow of citi culture",0,0,POSITIVE,3,,3,3,,POSITIVE,2,3,eng,602454,21,en,REGULAR,2025-09-30T21:03:24.323825
AEA000801018,Abu Dhabi Islamic Bank,10895320,Administration officer,"Friendly staff, makes u feel as a family member",Some senior managers are friends with the CEO and have no experience. Just back up and never attend duties while getting paid big,4,https://www.glassdoor.com/Reviews/Employee-Review--RVW10895320.htm,Administration Officer,2016-06-12T02:01:49.223Z,REGULAR,FALSE,6,"Abu Dhabi, Abu Dhabi","Check what's going on, in the lower levels in the organization",0,0,NEUTRAL,3,,3,2,,POSITIVE,2,4,eng,602454,21,en,REGULAR,2025-09-30T21:03:24.323825
AEA000801018,Abu Dhabi Islamic Bank,10560984,Windows and Virtualization Team Leader,"You will get Experience

Team Friendly",there is Management issue over all levels impact high turnover,3,https://www.glassdoor.com/Reviews/Employee-Review--RVW10560984.htm,,2016-05-10T22:59:35.130Z,,TRUE,2,"Abu Dhabi, Abu Dhabi",,0,0,,,,,,,,,,eng,602454,21,en,REGULAR,2025-09-30T21:03:24.323825
AEA000801018,Abu Dhabi Islamic Bank,10413442,System / Programmer Analyst,"Very co-operative staff

A good place to get focused and be the part of great company.

supportive and friendly staff, always encourages you to go beyond the goals.

A very good place to buildup your confidence in every life cycle.","There are non,

Only it is the way people / employee look so that they can satisfy their-self",5,https://www.glassdoor.com/Reviews/Employee-Review--RVW10413442.htm,Systems Analyst,2016-04-27T11:47:39.917Z,REGULAR,FALSE,6,"Abu Dhabi, Abu Dhabi",Keep you the good work!,1,0,,5,,5,5,,POSITIVE,5,5,eng,602454,21,en,REGULAR,2025-09-30T21:03:24.323825
AEA000801018,Abu Dhabi Islamic Bank,10372324,Intern,"Great company, friendly staff. Great facilities and great location in AD",Needs better a IT department,5,https://www.glassdoor.com/Reviews/Employee-Review--RVW10372324.htm,Intern,2016-04-23T19:06:47.603Z,,FALSE,0,"Abu Dhabi, Abu Dhabi",No advice,0,0,POSITIVE,5,,5,5,,POSITIVE,5,5,eng,602454,21,en,REGULAR,2025-09-30T21:03:24.323825
AEA000801018,Abu Dhabi Islamic Bank,9482810,ADIB in a nutshell,One of the most powerful organization transformation in the Banking field.,Staff is sales oriented rather than customer focused.,3,https://www.glassdoor.com/Reviews/Employee-Review--RVW9482810.htm,Assistant Vice President,2016-02-07T01:44:07.763Z,,TRUE,2,"Saint-Denis, Ile-de-France","Invest more in people development

Change the Core Banking System",0,0,,,,,,,,,,eng,602454,21,en,REGULAR,2025-09-30T21:03:24.323825
AEA000801018,Abu Dhabi Islamic Bank,9223391,Great Bank,young bank with lots of career growth opportunities. The Bank is growing and encourages personal development and contribution to  its development...,"A bit slow, a bit bureaucratic and a lot of power centralisation. There needs to be better empowerment and spread of decision making across the bank....",3,https://www.glassdoor.com/Reviews/Employee-Review--RVW9223391.htm,Senior Manager,2016-01-17T00:23:30.187Z,REGULAR,FALSE,1,"Abu Dhabi, Abu Dhabi","Motivate your employees, boost their skills and develop the frontline staff. there are improvements in HR, however, more needs to be done.",0,0,POSITIVE,3,,3,3,,POSITIVE,3,3,eng,602454,21,en,REGULAR,2025-09-30T21:03:24.323825
AEA000801018,Abu Dhabi Islamic Bank,8498070,Growing Bank,#NAME?,#NAME?,2,https://www.glassdoor.com/Reviews/Employee-Review--RVW8498070.htm,,2015-11-01T01:31:13.817Z,,FALSE,0,"Abu Dhabi, Abu Dhabi",#NAME?,1,0,POSITIVE,3,,3,2,,,2,3,eng,602454,21,en,REGULAR,2025-09-30T21:03:24.323825
AEA000801018,Abu Dhabi Islamic Bank,8332771,I good job experience,"the company is known to provide both internal and external training to the employees, which will help in learning more about the aspects of the business.",I do not have any negative comments to share about the company that I am working in currently at all,4,https://www.glassdoor.com/Reviews/Employee-Review--RVW8332771.htm,Analyst,2015-10-17T03:57:28.310Z,REGULAR,TRUE,2,"Abu Dhabi, Abu Dhabi",I advice the management of the company to encourage the staff to be more active and participate in the training programs and events that the company holds on a regular basis,0,0,POSITIVE,5,,4,4,,POSITIVE,4,4,eng,602454,21,en,REGULAR,2025-09-30T21:03:24.323825
AEA000801018,Abu Dhabi Islamic Bank,7680171,Credit Analyst,it is very good to work in ADIB,work load is too much,5,https://www.glassdoor.com/Reviews/Employee-Review--RVW7680171.htm,Credit Analyst,2015-08-21T23:14:06.907Z,,TRUE,0,Dubai,,0,0,POSITIVE,5,,5,5,,POSITIVE,5,5,eng,602454,21,en,REGULAR,2025-09-30T21:03:24.323825
AEA000801018,Abu Dhabi Islamic Bank,7338056,A great bank with sub-par top management,Good salaries (but only for a select few),"Poor IT capabilities and outdated systems, Tedious HR tasks and very slow recruitment process, inconsistent pay scale and bonus structure",3,https://www.glassdoor.com/Reviews/Employee-Review--RVW7338056.htm,Business Head,2015-07-24T08:54:35.983Z,REGULAR,FALSE,6,"Abu Dhabi, Abu Dhabi",It's time to do some major changes in top management,0,0,NEUTRAL,2,,5,3,,NEGATIVE,1,2,eng,602454,22,en,REGULAR,2025-09-30T21:03:26.715555
AEA000801018,Abu Dhabi Islamic Bank,7224514,Call Center Agent,such a satisfying and friendly environment.,work under pressure and staying extra hour to cover shortage in employees.,1,https://www.glassdoor.com/Reviews/Employee-Review--RVW7224514.htm,Customer Service Representative,2015-07-14T14:11:27.987Z,,TRUE,2,Sharjah,"Your most important asset is your employee, keep him or her satisfied.",0,0,NEGATIVE,1,,1,3,,NEGATIVE,1,1,eng,602454,22,en,REGULAR,2025-09-30T21:03:26.715555
AEA000801018,Abu Dhabi Islamic Bank,7004242,Best Employer in United Arab Emirates,This company always take care of their employees.,There are not flexible,5,https://www.glassdoor.com/Reviews/Employee-Review--RVW7004242.htm,SENIOR MARKETING COMMUNICATIONS OFFICER & SENIOR GRAPHIC DESIGNER,2015-06-24T07:59:58.700Z,REGULAR,FALSE,6,"Abu Dhabi, Abu Dhabi",Should be flexible in rules if someone has emergency.,1,0,POSITIVE,5,,5,5,,POSITIVE,3,5,eng,602454,22,en,REGULAR,2025-09-30T21:03:26.715555
AEA000801018,Abu Dhabi Islamic Bank,6912377,Call center agent,"The pay, the commission",If you want to be enslaved then join the call canter,1,https://www.glassdoor.com/Reviews/Employee-Review--RVW6912377.htm,Senior Call Center Executive,2015-06-15T14:01:44.337Z,,FALSE,2,"Abu Dhabi, Abu Dhabi",Free your slaves,0,0,NEUTRAL,1,,2,1,,NEGATIVE,2,1,eng,602454,22,en,REGULAR,2025-09-30T21:03:26.715555
AEA000801018,Abu Dhabi Islamic Bank,6318676,news writer,"Good pay, a nice work atmosphere","no upward mobility, no training. rigidity",2,https://www.glassdoor.com/Reviews/Employee-Review--RVW6318676.htm,,2015-04-12T03:37:41.617Z,REGULAR,TRUE,4,"Abu Dhabi, Abu Dhabi",,0,0,,2,,3,2,,POSITIVE,2,2,eng,602454,22,en,REGULAR,2025-09-30T21:03:26.715555
AEA000801018,Abu Dhabi Islamic Bank,6179651,Program Manager,Islamic Bank and a good opportunity to work in Islamic Banking. One of the fastest growing Banks in UAE,Systems needs to be revamped to cope with the changing customer's needs. Lack of technical skilled resources hence pressure is high on delivery.,3,https://www.glassdoor.com/Reviews/Employee-Review--RVW6179651.htm,,2015-03-23T20:46:29.287Z,,TRUE,0,,,0,0,POSITIVE,3,,3,3,,POSITIVE,3,3,eng,602454,22,en,REGULAR,2025-09-30T21:03:26.715555
AEA000801018,Abu Dhabi Islamic Bank,4905026,sales officer,"good salary, good customer service",not much support from managment,3,https://www.glassdoor.com/Reviews/Employee-Review--RVW4905026.htm,,2014-09-04T06:32:24.943Z,REGULAR,FALSE,4,,,0,0,,3,,3,3,,,3,3,eng,602454,22,en,REGULAR,2025-09-30T21:03:26.715555
AEA000801018,Abu Dhabi Islamic Bank,4727507,Good,"Learning is good, more over much diversified product offering in Islamic Finance.","Lack of equal opportunity of all nationalities, different behavior with different nationalities, people having nationality same of higher management is God gifted here.",4,https://www.glassdoor.com/Reviews/Employee-Review--RVW4727507.htm,Credit Analyst,2014-08-06T09:46:31.847Z,REGULAR,TRUE,2,Dubai,"Please make difference in people according to their qualification and experience, rather than just nationality.",0,0,POSITIVE,3,,3,3,,POSITIVE,3,4,eng,602454,22,en,REGULAR,2025-09-30T21:03:26.715555
AEA000801018,Abu Dhabi Islamic Bank,4206514,Manager,Great experience for building a career,Nothing negative during period of employment,4,https://www.glassdoor.com/Reviews/Employee-Review--RVW4206514.htm,Manager In IT,2014-05-11T11:10:27.743Z,REGULAR,TRUE,1,"Abu Dhabi, Abu Dhabi",n/a,0,0,POSITIVE,4,,4,4,,POSITIVE,4,4,eng,602454,22,en,REGULAR,2025-09-30T21:03:26.715555
AEA000801018,Abu Dhabi Islamic Bank,3594154,experience at adib,"is a good look on your cv,especially for fresh grads.",#NAME?,3,https://www.glassdoor.com/Reviews/Employee-Review--RVW3594154.htm,Human Resources Coordinator,2014-01-27T09:04:19.023Z,REGULAR,TRUE,2,"Abu Dhabi, Abu Dhabi",HR department need to step their game up!,0,0,NEUTRAL,3,,2,2,,NEGATIVE,2,3,eng,602454,22,en,REGULAR,2025-09-30T21:03:26.715555
AEA000801018,Abu Dhabi Islamic Bank,2228693,Technical Support Engineer,Good friends there and good money ADIB staff,Most of employees working under temporary contract and out sourcing company and that doesn't make loyalty.,1,https://www.glassdoor.com/Reviews/Employee-Review--RVW2228693.htm,Technical Support Engineer,2012-12-24T10:05:06.747Z,REGULAR,TRUE,2,"Abu Dhabi, Abu Dhabi",They should advise me,0,0,NEUTRAL,2,,2,1,,NEGATIVE,1,1,eng,602454,23,en,REGULAR,2025-09-30T21:03:26.501015
AEA000801018,Abu Dhabi Islamic Bank,1916365,"Senior Specialist, Branch and Operational Support","?	Software Development using .NET Framework.

?	Part of the Application Deployment/Troubleshooting Team.

?	Member of the Requirements Collection /Analysis Team.

?	Problem Resolution by Understanding of key business processes and IT support processes.","since we are in back office we don't see any cons in the bank, but may be front staff can say somethings.",3,https://www.glassdoor.com/Reviews/Employee-Review--RVW1916365.htm,"Senior Specialist, Branch and Operational Support",2012-09-04T03:26:05.467Z,REGULAR,TRUE,9,"Abu Dhabi, Abu Dhabi",,0,1,NEUTRAL,4,,4,4,,POSITIVE,3,4,eng,602454,23,en,REGULAR,2025-09-30T21:03:26.501015
AEA000801018,Abu Dhabi Islamic Bank,96160809,Intern review,"Great environment
Always guiding me as an intern",Not that flexible working hours,3,https://www.glassdoor.com/Reviews/Employee-Review--RVW96160809.htm,Associate,2025-03-26T02:39:31.873Z,INTERN,FALSE,1,"Abu Dhabi, Abu Dhabi",,0,0,,,,,,,NEGATIVE,,,eng,602454,1,en,INTERN,2025-09-30T21:03:27.160284
AEA000801018,Abu Dhabi Islamic Bank,85405310,Internship position ,Learnt alot abou banking sector,The banking sector have too much policies,5,https://www.glassdoor.com/Reviews/Employee-Review--RVW85405310.htm,Customer Service Intern,2024-03-17T00:34:05.747Z,INTERN,FALSE,1,"Cairo, Cairo Governorate",,0,0,,4,,2,5,5,POSITIVE,4,1,eng,602454,1,en,INTERN,2025-09-30T21:03:27.160284
AEA000801018,Abu Dhabi Islamic Bank,83636403,i was an accountant ,"competitive benefits such as salary, medical etc",cant say less right now,5,https://www.glassdoor.com/Reviews/Employee-Review--RVW83636403.htm,Accountant,2024-01-23T05:34:34.963Z,INTERN,FALSE,1,"Abu Dhabi, Abu Dhabi",,0,0,POSITIVE,5,,5,5,5,POSITIVE,5,5,eng,602454,1,en,INTERN,2025-09-30T21:03:27.160284
AEA000801018,Abu Dhabi Islamic Bank,69583022,Finance,"Corporative work environment 
Friendly environment",Different tasks done at the same time.,3,https://www.glassdoor.com/Reviews/Employee-Review--RVW69583022.htm,Financial Analyst,2022-09-29T02:03:37.113Z,INTERN,FALSE,0,,,0,0,,3,,3,3,3,NEGATIVE,3,3,eng,602454,1,en,INTERN,2025-09-30T21:03:27.160284
AEA000801018,Abu Dhabi Islamic Bank,64818233,-,Good place for internships overall,No cons to be mentioned,4,https://www.glassdoor.com/Reviews/Employee-Review--RVW64818233.htm,,2022-05-29T05:37:10.237Z,INTERN,FALSE,1,,,0,0,,,,,,,,,,eng,602454,1,en,INTERN,2025-09-30T21:03:27.160284
AEA000801018,Abu Dhabi Islamic Bank,62650830,n/a,Positive work culture and very modern office,no cons for this institution,5,https://www.glassdoor.com/Reviews/Employee-Review--RVW62650830.htm,,2022-04-12T03:43:57.707Z,INTERN,TRUE,1,,,0,0,,,,,,,,,,eng,602454,1,en,INTERN,2025-09-30T21:03:27.160284
AEA000801018,Abu Dhabi Islamic Bank,62540044,"Nice people, mundane tasks","People were very nice and welcoming.

Rotations allowed me to get a better understanding of the different roles in the Finance Department.","Didn’t get to dive deeper into the different departments in finance.

Employees were also consistently late and would stay later to finish work, which prevented me from working with them on their tasks.",3,https://www.glassdoor.com/Reviews/Employee-Review--RVW62540044.htm,Summer Finance Intern,2022-04-09T14:47:41.803Z,INTERN,FALSE,1,"Cairo, Cairo Governorate",,0,0,,,,,,,,,,eng,602454,1,en,INTERN,2025-09-30T21:03:27.160284
AEA000801018,Abu Dhabi Islamic Bank,53774630,great,"good job, central location and good exposure",i was a trainee so i didnt stay long,5,https://www.glassdoor.com/Reviews/Employee-Review--RVW53774630.htm,,2021-10-10T02:31:01.007Z,INTERN,TRUE,0,"Cairo, Cairo Governorate",,0,0,POSITIVE,5,,1,5,1,POSITIVE,5,1,eng,602454,1,en,INTERN,2025-09-30T21:03:27.160284
AEA000801018,Abu Dhabi Islamic Bank,40104086,Trainee Experience at ADIB,Hands on experience that was very helpful,no cons with regards to management and operations team,4,https://www.glassdoor.com/Reviews/Employee-Review--RVW40104086.htm,,2021-01-05T00:28:41.977Z,INTERN,FALSE,1,,,0,0,NEUTRAL,3,,,,,NEGATIVE,,,eng,602454,1,en,INTERN,2025-09-30T21:03:27.160284
AEA000801018,Abu Dhabi Islamic Bank,33546067,Learned nothing,Colleagues cared deeply about their job,I learned nothing at all,1,https://www.glassdoor.com/Reviews/Employee-Review--RVW33546067.htm,Customer Service Trainee,2020-06-05T13:42:11.603Z,INTERN,FALSE,0,,,0,0,,,,,,,,,,eng,602454,1,en,INTERN,2025-09-30T21:03:27.160284
AEA000801018,Abu Dhabi Islamic Bank,17623653,trainee,great work environment and increased formality in the working system.,low career opportunities and a short training period,3,https://www.glassdoor.com/Reviews/Employee-Review--RVW17623653.htm,,2017-10-30T01:31:24.187Z,INTERN,FALSE,1,Khartoum,"not applicable, no advice",1,0,POSITIVE,2,,3,3,,POSITIVE,1,3,eng,602454,2,en,INTERN,2025-09-30T21:03:28.089639
AEA000801018,Abu Dhabi Islamic Bank,16701672,Decent Internship,"Clear work requirements, and short working hours",Routine work can become boring,4,https://www.glassdoor.com/Reviews/Employee-Review--RVW16701672.htm,,2017-09-07T03:04:19.583Z,INTERN,FALSE,0,,None,0,0,NEUTRAL,,,,,,POSITIVE,,,eng,602454,2,en,INTERN,2025-09-30T21:03:28.089639
AEA000801018,Abu Dhabi Islamic Bank,89788987,I have 1 year experience,"Good salary package, balance work life",Nothing demerits to work in Abu Dhabi Islamic banks,3,https://www.glassdoor.com/Reviews/Employee-Review--RVW89788987.htm,Accountant,2024-08-05T03:21:19.877Z,PART_TIME,FALSE,1,"Abu Dhabi, Abu Dhabi",,0,0,,4,,2,,4,POSITIVE,,,eng,602454,1,en,PART_TIME,2025-09-30T21:03:28.654229
AEA000801018,Abu Dhabi Islamic Bank,86061661,Best,Good environment to work in,nope no cons for this company,5,https://www.glassdoor.com/Reviews/Employee-Review--RVW86061661.htm,Software Developer,2024-04-06T05:59:03.093Z,PART_TIME,FALSE,2,Mumbai,,0,0,POSITIVE,5,,4,4,4,POSITIVE,4,4,eng,602454,1,en,PART_TIME,2025-09-30T21:03:28.654229
AEA000801018,Abu Dhabi Islamic Bank,61752087,works,good environment of working with people,too much work of work and work,3,https://www.glassdoor.com/Reviews/Employee-Review--RVW61752087.htm,Seller,2022-03-25T03:04:02.603Z,PART_TIME,FALSE,0,Kuala Lumpur,,0,0,,,,,,,,,,eng,602454,1,en,PART_TIME,2025-09-30T21:03:28.654229
AEA000801018,Abu Dhabi Islamic Bank,54073048,good,best for all kinds of people,not sufficient for every body,4,https://www.glassdoor.com/Reviews/Employee-Review--RVW54073048.htm,Finace Manager,2021-10-16T07:58:15.880Z,PART_TIME,TRUE,2,Duba,hire as much they need to,0,0,POSITIVE,2,,3,3,3,POSITIVE,3,3,eng,602454,1,en,PART_TIME,2025-09-30T21:03:28.654229
AEA000801018,Abu Dhabi Islamic Bank,86739076,"High Stability , Good environment , good work life balance &amp; average salaries","High Stability where 99% you will not leave ubless they tell you that you are coming for one project only .

Good environment to learn &amp; to meet experienced people in every technical and business department. 

Good work life balance as you will not get much stress and after business hours you will get 90% chilling time .

Many free courses online ans in academies to grow .",Salaries are average ( not good but not bad ) and you will stay flat with low raises .,4,https://www.glassdoor.com/Reviews/Employee-Review--RVW86739076.htm,Information Technology,2024-04-27T06:40:00.883Z,CONTRACT,TRUE,4,"Abu Dhabi, Abu Dhabi","Give a chance to your employees at least once in the life time by giving then an average raise .

It is not a must for the employee to get an offer from another workplace. ",0,0,POSITIVE,4,,3,5,5,POSITIVE,4,5,eng,602454,1,en,CONTRACT,2025-09-30T21:03:29.063813
AEA000801018,Abu Dhabi Islamic Bank,82910410,It was good and happy environment to work,Company provides all the good facilities to their Staff,As far as I dont have any cons to provide about the bank,5,https://www.glassdoor.com/Reviews/Employee-Review--RVW82910410.htm,Data Scientist,2023-12-29T03:04:42.553Z,CONTRACT,TRUE,1,"Abu Dhabi, Abu Dhabi",,0,0,POSITIVE,5,,5,5,4,POSITIVE,4,4,eng,602454,1,en,CONTRACT,2025-09-30T21:03:29.063813
AEA000801018,Abu Dhabi Islamic Bank,78455650,Most professional .,You will learn alot for your new ventures.,We can't take long breaks.,5,https://www.glassdoor.com/Reviews/Employee-Review--RVW78455650.htm,Digital Marketing Executive,2023-07-21T04:13:31.937Z,CONTRACT,TRUE,1,"Abu Dhabi, Abu Dhabi",Covert hard working 3rd party employee on direct payroll,0,0,POSITIVE,5,,5,5,5,POSITIVE,5,5,eng,602454,1,en,CONTRACT,2025-09-30T21:03:29.063813
AEA000801018,Abu Dhabi Islamic Bank,72672635,Bank,Good bank with good technologies,Nothing i can think off,2,https://www.glassdoor.com/Reviews/Employee-Review--RVW72672635.htm,Consultant,2023-01-16T11:24:10.107Z,CONTRACT,TRUE,0,"Abu Dhabi, Abu Dhabi",,0,0,,,,,,,,,,eng,602454,1,en,CONTRACT,2025-09-30T21:03:29.063813
AEA000801018,Abu Dhabi Islamic Bank,71103455,Was not that good experience,One of the big Islamic banks in UAE and the region.,"Tough working environment, always under stress, no stability and always at risk of layoff.",3,https://www.glassdoor.com/Reviews/Employee-Review--RVW71103455.htm,Senior Application Support Analyst,2022-11-15T12:17:21.073Z,CONTRACT,FALSE,2,,,0,0,,2,,2,1,1,NEGATIVE,1,1,eng,602454,1,en,CONTRACT,2025-09-30T21:03:29.063813
AEA000801018,Abu Dhabi Islamic Bank,65521843,Good,it good company to work,Always their are chance to make things better,4,https://www.glassdoor.com/Reviews/Employee-Review--RVW65521843.htm,,2022-06-14T09:38:45.257Z,CONTRACT,TRUE,1,,,0,0,,5,,,5,,POSITIVE,4,4,eng,602454,1,en,CONTRACT,2025-09-30T21:03:29.063813
AEA000801018,Abu Dhabi Islamic Bank,63705518,Garbage,Literally zero pros for this place,"Worst company ever. Zero culture. Toxic af, do your self a favor and avoid like the plague",1,https://www.glassdoor.com/Reviews/Employee-Review--RVW63705518.htm,,2022-05-05T10:28:33.917Z,CONTRACT,TRUE,2,,,0,0,,1,,1,1,1,NEGATIVE,1,1,eng,602454,1,en,CONTRACT,2025-09-30T21:03:29.063813
AEA000801018,Abu Dhabi Islamic Bank,63135115,Semi - govt job,"Islamic banking , incentive , Less Pressure ,working hours , flexible","Partiality, no growth , no learning , contract staff cannot apply for any banking products",1,https://www.glassdoor.com/Reviews/Employee-Review--RVW63135115.htm,Collections Officer,2022-04-22T07:15:38.863Z,CONTRACT,FALSE,9,,"There are some inefficient managers on top who got the job based on reference ,educate them how to manage first and then hire",0,0,NEGATIVE,1,,4,,3,POSITIVE,1,3,eng,602454,1,en,CONTRACT,2025-09-30T21:03:29.063813
AEA000801018,Abu Dhabi Islamic Bank,57222843,Shift,"Good environment, best nature to work","Work under pressure, hectic work",5,https://www.glassdoor.com/Reviews/Employee-Review--RVW57222843.htm,,2021-12-29T22:51:21.137Z,CONTRACT,FALSE,2,,,0,0,,5,,,,,,,,eng,602454,1,en,CONTRACT,2025-09-30T21:03:29.063813
AEA000801018,Abu Dhabi Islamic Bank,42096638,Bad,Very Bad bank in uae,Very bad bank in the world,1,https://www.glassdoor.com/Reviews/Employee-Review--RVW42096638.htm,Credit Analyst,2021-02-07T12:25:19.770Z,CONTRACT,TRUE,6,"Abu Dhabi, Abu Dhabi",New management needed,0,0,NEGATIVE,1,,1,1,1,NEGATIVE,1,1,eng,602454,1,en,CONTRACT,2025-09-30T21:03:29.063813
AEA000801018,Abu Dhabi Islamic Bank,34684168,Good,"Good salaries 

Good experience 

Modern environment","Easy hire easy fire

Rare full time contract

No training",4,https://www.glassdoor.com/Reviews/Employee-Review--RVW34684168.htm,Program Manager,2020-08-07T02:50:00.657Z,CONTRACT,TRUE,2,"Abu Dhabi, Abu Dhabi",,0,0,NEUTRAL,4,,4,3,,POSITIVE,3,2,eng,602454,2,en,CONTRACT,2025-09-30T21:03:29.555107
AEA000801018,Abu Dhabi Islamic Bank,20965161,Review,very diverted environment and equal,contract based and not stable,3,https://www.glassdoor.com/Reviews/Employee-Review--RVW20965161.htm,,2018-06-09T05:47:04.303Z,CONTRACT,TRUE,1,"Abu Dhabi, Abu Dhabi",,0,0,,,,,,,,,,eng,602454,2,en,CONTRACT,2025-09-30T21:03:29.555107
AEA000801018,Abu Dhabi Islamic Bank,3554323,eye opener who comes with lot expectations,Leading UAE Islamic Bank stable balancesheet,Slow pace of work slow growth,3,https://www.glassdoor.com/Reviews/Employee-Review--RVW3554323.htm,Relation Ship Officer,2014-01-18T00:56:45.097Z,CONTRACT,TRUE,1,Dubai,"focus on customer service standard , think about your 3rd party employee give them respect",0,0,NEUTRAL,1,,3,3,,,3,2,eng,602454,2,en,CONTRACT,2025-09-30T21:03:29.555107
AEA000801018,Abu Dhabi Islamic Bank,2636844,ITD is a mess,"Large Bank - a lot of branches in the middle-east, growing fast across various countries also, potential to grow as the bank grows.","This is my first time in the middle east - maybe it's the culture here or maybe the culture at ADIB, but people just don't work, or take responsibility, or are passionate and proud about what they do. In the end, quite a demotivating environment.",3,https://www.glassdoor.com/Reviews/Employee-Review--RVW2636844.htm,,2013-05-10T04:08:18.943Z,CONTRACT,TRUE,1,"Abu Dhabi, Abu Dhabi",Reduce paperwork; let actual work get done.,0,1,NEUTRAL,3,,4,2,,POSITIVE,3,4,eng,602454,2,en,CONTRACT,2025-09-30T21:03:29.555107
AEA000801018,Abu Dhabi Islamic Bank,94908026,nice,good environment with a helpful colleagues,"nothing cons, i love this company",5,https://www.glassdoor.com/Reviews/Employee-Review--RVW94908026.htm,Account Manager,2025-02-09T18:20:49.293Z,FREELANCE,TRUE,1,Kuala Lumpur,,0,0,,,,,,,,,,eng,602454,1,en,FREELANCE,2025-09-30T21:03:30.473185
AEA000801018,Abu Dhabi Islamic Bank,49539756,Staff are very friendly,"The staff there are great, they are polite, quirky and know their stuff",Some staff do seem a bit disappointed with their salaries.,4,https://www.glassdoor.com/Reviews/Employee-Review--RVW49539756.htm,Freelancer,2021-07-09T07:53:17.363Z,FREELANCE,TRUE,1,"London, England",Pay your staff as they should be paid! As they deserve!,0,0,,3,,3,4,5,,3,4,eng,602454,1,en,FREELANCE,2025-09-30T21:03:30.473185
AEA000801018,Abu Dhabi Islamic Bank,44605945,Good one,Best of all the way,Not applicable for the question,1,https://www.glassdoor.com/Reviews/Employee-Review--RVW44605945.htm,,2021-03-26T06:34:54.310Z,FREELANCE,TRUE,0,,,0,0,,,,,,,,,,eng,602454,1,en,FREELANCE,2025-09-30T21:03:30.473185
AEA000801018,Abu Dhabi Islamic Bank,34177119,great,"great, so much great bro",not sure of any of them.,4,https://www.glassdoor.com/Reviews/Employee-Review--RVW34177119.htm,Intern,2020-07-11T21:51:14.203Z,FREELANCE,FALSE,0,"Abu Dhabi, Abu Dhabi",,0,0,,,,,,,,,,eng,602454,1,en,FREELANCE,2025-09-30T21:03:30.473185
AEA000801018,Abu Dhabi Islamic Bank,79913131,Great team,Good opportunity to start your career,more observation than actual work for interns.,4,https://www.glassdoor.com/Reviews/Employee-Review--RVW79913131.htm,Intern,2023-09-09T15:48:09.423Z,INTERN,TRUE,0,"Abu Dhabi, Abu Dhabi",,0,0,,4,,4,4,4,POSITIVE,4,4,fra,602454,1,fr,INTERN,2025-09-30T21:03:31.866958
