Pros,0_Original,1_Lower_Punct,2_StopWords,3_Lemmatization,4_Tokens,5_PoS_Tags,VADER_Sentiment
"Top down culture, everyday everybody from CEO down to cleaner belittled or disrespected in some way.","Top down culture, everyday everybody from CEO down to cleaner belittled or disrespected in some way.",top down culture everyday everybody from ceo down to cleaner belittled or disrespected in some way,top culture everyday everybody ceo cleaner belittled disrespected way,top culture everyday everybody ceo cleaner belittled disrespected way,"['top', 'culture', 'everyday', 'everybody', 'ceo', 'cleaner', 'belittled', 'disrespected', 'way']","[('top', 'JJ'), ('culture', 'NN'), ('everyday', 'JJ'), ('everybody', 'NN'), ('ceo', 'NN'), ('cleaner', 'JJR'), ('belittled', 'VBD'), ('disrespected', 'JJ'), ('way', 'NN')]",Negative
Good work life balance and flat structure where senior management is accessible,Good work life balance and flat structure where senior management is accessible,good work life balance and flat structure where senior management is accessible,good work life balance flat structure senior management accessible,good work life balance flat structure senior management accessible,"['good', 'work', 'life', 'balance', 'flat', 'structure', 'senior', 'management', 'accessible']","[('good', 'JJ'), ('work', 'NN'), ('life', 'NN'), ('balance', 'NN'), ('flat', 'JJ'), ('structure', 'NN'), ('senior', 'JJ'), ('management', 'NN'), ('accessible', 'JJ')]",Positive
Customer Service Representative ADIB BANK,Customer Service Representative ADIB BANK,customer service representative adib bank,customer service representative adib bank,customer service representative adib bank,"['customer', 'service', 'representative', 'adib', 'bank']","[('customer', 'NN'), ('service', 'NN'), ('representative', 'JJ'), ('adib', 'NN'), ('bank', 'NN')]",Neutral
"Learning, 
good management
Exposure to new technologies","Learning, 
good management
Exposure to new technologies","learning 
good management
exposure to new technologies",learning good management exposure new technologies,learning good management exposure new technology,"['learning', 'good', 'management', 'exposure', 'new', 'technology']","[('learning', 'VBG'), ('good', 'JJ'), ('management', 'NN'), ('exposure', 'NN'), ('new', 'JJ'), ('technology', 'NN')]",Positive
Good muslimc bankheuehjehdhed is hs ei,Good muslimc bankheuehjehdhed is hs ei,good muslimc bankheuehjehdhed is hs ei,good muslimc bankheuehjehdhed hs ei,good muslimc bankheuehjehdhed h ei,"['good', 'muslimc', 'bankheuehjehdhed', 'h', 'ei']","[('good', 'JJ'), ('muslimc', 'NN'), ('bankheuehjehdhed', 'VBD'), ('h', 'NN'), ('ei', 'NN')]",Positive
Working as a full-time employee in a bank gives you all sorts of financial benefits without any charges.,Working as a full-time employee in a bank gives you all sorts of financial benefits without any charges.,working as a fulltime employee in a bank gives you all sorts of financial benefits without any charges,working fulltime employee bank gives sorts financial benefits without charges,working fulltime employee bank give sort financial benefit without charge,"['working', 'fulltime', 'employee', 'bank', 'give', 'sort', 'financial', 'benefit', 'without', 'charge']","[('working', 'VBG'), ('fulltime', 'NN'), ('employee', 'NN'), ('bank', 'NN'), ('give', 'VB'), ('sort', 'JJ'), ('financial', 'JJ'), ('benefit', 'NN'), ('without', 'IN'), ('charge', 'NN')]",Positive
"The insurance is really good and you will be eligible for personal, car and housing loans at very good rates","The insurance is really good and you will be eligible for personal, car and housing loans at very good rates",the insurance is really good and you will be eligible for personal car and housing loans at very good rates,insurance really good eligible personal car housing loans good rates,insurance really good eligible personal car housing loan good rate,"['insurance', 'really', 'good', 'eligible', 'personal', 'car', 'housing', 'loan', 'good', 'rate']","[('insurance', 'NN'), ('really', 'RB'), ('good', 'JJ'), ('eligible', 'JJ'), ('personal', 'JJ'), ('car', 'NN'), ('housing', 'NN'), ('loan', 'NN'), ('good', 'JJ'), ('rate', 'NN')]",Positive
"Good team leaders, strong training .","Good team leaders, strong training .",good team leaders strong training ,good team leaders strong training,good team leader strong training,"['good', 'team', 'leader', 'strong', 'training']","[('good', 'JJ'), ('team', 'NN'), ('leader', 'NN'), ('strong', 'JJ'), ('training', 'NN')]",Positive
"Excellent working environment, good salary","Excellent working environment, good salary",excellent working environment good salary,excellent working environment good salary,excellent working environment good salary,"['excellent', 'working', 'environment', 'good', 'salary']","[('excellent', 'JJ'), ('working', 'VBG'), ('environment', 'NN'), ('good', 'JJ'), ('salary', 'NN')]",Positive
High commission paid + friendly environment,High commission paid + friendly environment,high commission paid  friendly environment,high commission paid friendly environment,high commission paid friendly environment,"['high', 'commission', 'paid', 'friendly', 'environment']","[('high', 'JJ'), ('commission', 'NN'), ('paid', 'VBD'), ('friendly', 'JJ'), ('environment', 'NN')]",Positive
Comfortable environment at adib as usual,Comfortable environment at adib as usual,comfortable environment at adib as usual,comfortable environment adib usual,comfortable environment adib usual,"['comfortable', 'environment', 'adib', 'usual']","[('comfortable', 'JJ'), ('environment', 'NN'), ('adib', 'NN'), ('usual', 'JJ')]",Positive
Supportive environment and amazing worload,Supportive environment and amazing worload,supportive environment and amazing worload,supportive environment amazing worload,supportive environment amazing worload,"['supportive', 'environment', 'amazing', 'worload']","[('supportive', 'JJ'), ('environment', 'NN'), ('amazing', 'VBG'), ('worload', 'NN')]",Positive
Working in ADIB is good and one of the best bank in the country.,Working in ADIB is good and one of the best bank in the country.,working in adib is good and one of the best bank in the country,working adib good one best bank country,working adib good one best bank country,"['working', 'adib', 'good', 'one', 'best', 'bank', 'country']","[('working', 'VBG'), ('adib', 'RB'), ('good', 'JJ'), ('one', 'CD'), ('best', 'JJS'), ('bank', 'NN'), ('country', 'NN')]",Positive
good place to learn new things &amp; good medical insurance,good place to learn new things &amp; good medical insurance,good place to learn new things amp good medical insurance,good place learn new things amp good medical insurance,good place learn new thing amp good medical insurance,"['good', 'place', 'learn', 'new', 'thing', 'amp', 'good', 'medical', 'insurance']","[('good', 'JJ'), ('place', 'NN'), ('learn', 'VBP'), ('new', 'JJ'), ('thing', 'NN'), ('amp', 'NN'), ('good', 'JJ'), ('medical', 'JJ'), ('insurance', 'NN')]",Positive
Nothing to say but not good,Nothing to say but not good,nothing to say but not good,nothing say good,nothing say good,"['nothing', 'say', 'good']","[('nothing', 'NN'), ('say', 'VBP'), ('good', 'JJ')]",Negative
It’s the top bank in UAE,It’s the top bank in UAE,its the top bank in uae,top bank uae,top bank uae,"['top', 'bank', 'uae']","[('top', 'JJ'), ('bank', 'NN'), ('uae', 'NN')]",Positive
#NAME?,#NAME?,name,name,name,['name'],"[('name', 'NN')]",Neutral
"Friendly environment 
Dynamic bank
Good reputable bank","Friendly environment 
Dynamic bank
Good reputable bank","friendly environment 
dynamic bank
good reputable bank",friendly environment dynamic bank good reputable bank,friendly environment dynamic bank good reputable bank,"['friendly', 'environment', 'dynamic', 'bank', 'good', 'reputable', 'bank']","[('friendly', 'JJ'), ('environment', 'NN'), ('dynamic', 'JJ'), ('bank', 'NN'), ('good', 'JJ'), ('reputable', 'JJ'), ('bank', 'NN')]",Positive
"Working at ADIB offers a dynamic environment with a focus on innovation and digital banking. Employees benefit from comprehensive career development programs diverse and inclusive workplace culture, and competitive benefits including health insurance and performance bonuses. ADIB’s commitment to ethical practices and social responsibility ensures a meaningful work experience. The bank also supports work-life balance with flexible arrangements and wellness programs, and provides opportunities to engage in community development. Strong leadership drives the organization’s vision, creating a positive and forward-thinking atmosphere.","Working at ADIB offers a dynamic environment with a focus on innovation and digital banking. Employees benefit from comprehensive career development programs diverse and inclusive workplace culture, and competitive benefits including health insurance and performance bonuses. ADIB’s commitment to ethical practices and social responsibility ensures a meaningful work experience. The bank also supports work-life balance with flexible arrangements and wellness programs, and provides opportunities to engage in community development. Strong leadership drives the organization’s vision, creating a positive and forward-thinking atmosphere.",working at adib offers a dynamic environment with a focus on innovation and digital banking employees benefit from comprehensive career development programs diverse and inclusive workplace culture and competitive benefits including health insurance and performance bonuses adibs commitment to ethical practices and social responsibility ensures a meaningful work experience the bank also supports worklife balance with flexible arrangements and wellness programs and provides opportunities to engage in community development strong leadership drives the organizations vision creating a positive and forwardthinking atmosphere,working adib offers dynamic environment focus innovation digital banking employees benefit comprehensive career development programs diverse inclusive workplace culture competitive benefits including health insurance performance bonuses adibs commitment ethical practices social responsibility ensures meaningful work experience bank also supports worklife balance flexible arrangements wellness programs provides opportunities engage community development strong leadership drives organizations vision creating positive forwardthinking atmosphere,working adib offer dynamic environment focus innovation digital banking employee benefit comprehensive career development program diverse inclusive workplace culture competitive benefit including health insurance performance bonus adibs commitment ethical practice social responsibility ensures meaningful work experience bank also support worklife balance flexible arrangement wellness program provides opportunity engage community development strong leadership drive organization vision creating positive forwardthinking atmosphere,"['working', 'adib', 'offer', 'dynamic', 'environment', 'focus', 'innovation', 'digital', 'banking', 'employee', 'benefit', 'comprehensive', 'career', 'development', 'program', 'diverse', 'inclusive', 'workplace', 'culture', 'competitive', 'benefit', 'including', 'health', 'insurance', 'performance', 'bonus', 'adibs', 'commitment', 'ethical', 'practice', 'social', 'responsibility', 'ensures', 'meaningful', 'work', 'experience', 'bank', 'also', 'support', 'worklife', 'balance', 'flexible', 'arrangement', 'wellness', 'program', 'provides', 'opportunity', 'engage', 'community', 'development', 'strong', 'leadership', 'drive', 'organization', 'vision', 'creating', 'positive', 'forwardthinking', 'atmosphere']","[('working', 'VBG'), ('adib', 'NN'), ('offer', 'VBP'), ('dynamic', 'JJ'), ('environment', 'NN'), ('focus', 'NN'), ('innovation', 'NN'), ('digital', 'NN'), ('banking', 'NN'), ('employee', 'NN'), ('benefit', 'NN'), ('comprehensive', 'JJ'), ('career', 'NN'), ('development', 'NN'), ('program', 'NN'), ('diverse', 'NN'), ('inclusive', 'JJ'), ('workplace', 'NN'), ('culture', 'NN'), ('competitive', 'JJ'), ('benefit', 'NN'), ('including', 'VBG'), ('health', 'NN'), ('insurance', 'NN'), ('performance', 'NN'), ('bonus', 'NN'), ('adibs', 'JJ'), ('commitment', 'NN'), ('ethical', 'JJ'), ('practice', 'NN'), ('social', 'JJ'), ('responsibility', 'NN'), ('ensures', 'VBZ'), ('meaningful', 'JJ'), ('work', 'NN'), ('experience', 'NN'), ('bank', 'NN'), ('also', 'RB'), ('support', 'JJ'), ('worklife', 'NN'), ('balance', 'NN'), ('flexible', 'JJ'), ('arrangement', 'NN'), ('wellness', 'NN'), ('program', 'NN'), ('provides', 'VBZ'), ('opportunity', 'NN'), ('engage', 'NN'), ('community', 'NN'), ('development', 'NN'), ('strong', 'JJ'), ('leadership', 'NN'), ('drive', 'NN'), ('organization', 'NN'), ('vision', 'NN'), ('creating', 'VBG'), ('positive', 'JJ'), ('forwardthinking', 'NN'), ('atmosphere', 'NN')]",Positive
stability and fast learning curve,stability and fast learning curve,stability and fast learning curve,stability fast learning curve,stability fast learning curve,"['stability', 'fast', 'learning', 'curve']","[('stability', 'NN'), ('fast', 'RB'), ('learning', 'JJ'), ('curve', 'NN')]",Neutral
"experience is great 
allows you to find better career opportunities","experience is great 
allows you to find better career opportunities","experience is great 
allows you to find better career opportunities",experience great allows find better career opportunities,experience great allows find better career opportunity,"['experience', 'great', 'allows', 'find', 'better', 'career', 'opportunity']","[('experience', 'NN'), ('great', 'JJ'), ('allows', 'VBZ'), ('find', 'VBP'), ('better', 'JJR'), ('career', 'NN'), ('opportunity', 'NN')]",Positive
environment is really amazing ever,environment is really amazing ever,environment is really amazing ever,environment really amazing ever,environment really amazing ever,"['environment', 'really', 'amazing', 'ever']","[('environment', 'NN'), ('really', 'RB'), ('amazing', 'JJ'), ('ever', 'RB')]",Positive
"Salary on time
Leaves allowance","Salary on time
Leaves allowance","salary on time
leaves allowance",salary time leaves allowance,salary time leaf allowance,"['salary', 'time', 'leaf', 'allowance']","[('salary', 'JJ'), ('time', 'NN'), ('leaf', 'NN'), ('allowance', 'NN')]",Neutral
good place to work in,good place to work in,good place to work in,good place work,good place work,"['good', 'place', 'work']","[('good', 'JJ'), ('place', 'NN'), ('work', 'NN')]",Positive
There a great learning opportunity,There a great learning opportunity,there a great learning opportunity,great learning opportunity,great learning opportunity,"['great', 'learning', 'opportunity']","[('great', 'JJ'), ('learning', 'JJ'), ('opportunity', 'NN')]",Positive
Islamic Bank with talented staff,Islamic Bank with talented staff,islamic bank with talented staff,islamic bank talented staff,islamic bank talented staff,"['islamic', 'bank', 'talented', 'staff']","[('islamic', 'JJ'), ('bank', 'NN'), ('talented', 'VBD'), ('staff', 'NN')]",Positive
you will have a great experience,you will have a great experience,you will have a great experience,great experience,great experience,"['great', 'experience']","[('great', 'JJ'), ('experience', 'NN')]",Positive
Medical insurance bounse and profit share bemefits,Medical insurance bounse and profit share bemefits,medical insurance bounse and profit share bemefits,medical insurance bounse profit share bemefits,medical insurance bounse profit share bemefits,"['medical', 'insurance', 'bounse', 'profit', 'share', 'bemefits']","[('medical', 'JJ'), ('insurance', 'NN'), ('bounse', 'NN'), ('profit', 'NN'), ('share', 'NN'), ('bemefits', 'NNS')]",Positive
Great Work Environment &amp; product knowkedge,Great Work Environment &amp; product knowkedge,great work environment amp product knowkedge,great work environment amp product knowkedge,great work environment amp product knowkedge,"['great', 'work', 'environment', 'amp', 'product', 'knowkedge']","[('great', 'JJ'), ('work', 'NN'), ('environment', 'NN'), ('amp', 'JJ'), ('product', 'NN'), ('knowkedge', 'NN')]",Positive
good work enviroment and good managers,good work enviroment and good managers,good work enviroment and good managers,good work enviroment good managers,good work enviroment good manager,"['good', 'work', 'enviroment', 'good', 'manager']","[('good', 'JJ'), ('work', 'NN'), ('enviroment', 'NN'), ('good', 'JJ'), ('manager', 'NN')]",Positive
Not many to consider really,Not many to consider really,not many to consider really,many consider really,many consider really,"['many', 'consider', 'really']","[('many', 'JJ'), ('consider', 'VBP'), ('really', 'RB')]",Neutral
Maybe cultural is good .,Maybe cultural is good .,maybe cultural is good ,maybe cultural good,maybe cultural good,"['maybe', 'cultural', 'good']","[('maybe', 'RB'), ('cultural', 'JJ'), ('good', 'JJ')]",Positive
"Islamic, Salary
Environment
Growth
Career path","Islamic, Salary
Environment
Growth
Career path","islamic salary
environment
growth
career path",islamic salary environment growth career path,islamic salary environment growth career path,"['islamic', 'salary', 'environment', 'growth', 'career', 'path']","[('islamic', 'JJ'), ('salary', 'JJ'), ('environment', 'NN'), ('growth', 'NN'), ('career', 'NN'), ('path', 'NN')]",Positive
Incentives Basic Salary Insurance Visa Air Ticket every 2 years,Incentives Basic Salary Insurance Visa Air Ticket every 2 years,incentives basic salary insurance visa air ticket every 2 years,incentives basic salary insurance visa air ticket every 2 years,incentive basic salary insurance visa air ticket every 2 year,"['incentive', 'basic', 'salary', 'insurance', 'visa', 'air', 'ticket', 'every', '2', 'year']","[('incentive', 'NN'), ('basic', 'JJ'), ('salary', 'JJ'), ('insurance', 'NN'), ('visa', 'NNS'), ('air', 'NN'), ('ticket', 'NN'), ('every', 'DT'), ('2', 'CD'), ('year', 'NN')]",Positive
Good enviroment to work in,Good enviroment to work in,good enviroment to work in,good enviroment work,good enviroment work,"['good', 'enviroment', 'work']","[('good', 'JJ'), ('enviroment', 'NN'), ('work', 'NN')]",Positive
Friendly co workers and respectful management ,Friendly co workers and respectful management ,friendly co workers and respectful management ,friendly co workers respectful management,friendly co worker respectful management,"['friendly', 'co', 'worker', 'respectful', 'management']","[('friendly', 'RB'), ('co', 'JJ'), ('worker', 'NN'), ('respectful', 'JJ'), ('management', 'NN')]",Positive
Good place and work environment,Good place and work environment,good place and work environment,good place work environment,good place work environment,"['good', 'place', 'work', 'environment']","[('good', 'JJ'), ('place', 'NN'), ('work', 'NN'), ('environment', 'NN')]",Positive
Good atmosphere. Large coverage in UAE.,Good atmosphere. Large coverage in UAE.,good atmosphere large coverage in uae,good atmosphere large coverage uae,good atmosphere large coverage uae,"['good', 'atmosphere', 'large', 'coverage', 'uae']","[('good', 'JJ'), ('atmosphere', 'RB'), ('large', 'JJ'), ('coverage', 'NN'), ('uae', 'NN')]",Positive
"Friendly ,helpful working environment,colleagues behaviour is so decent ,even your leader the whole management is so supportive and reliable","Friendly ,helpful working environment,colleagues behaviour is so decent ,even your leader the whole management is so supportive and reliable",friendly helpful working environmentcolleagues behaviour is so decent even your leader the whole management is so supportive and reliable,friendly helpful working environmentcolleagues behaviour decent even leader whole management supportive reliable,friendly helpful working environmentcolleagues behaviour decent even leader whole management supportive reliable,"['friendly', 'helpful', 'working', 'environmentcolleagues', 'behaviour', 'decent', 'even', 'leader', 'whole', 'management', 'supportive', 'reliable']","[('friendly', 'RB'), ('helpful', 'JJ'), ('working', 'VBG'), ('environmentcolleagues', 'NNS'), ('behaviour', 'VBP'), ('decent', 'JJ'), ('even', 'RB'), ('leader', 'NN'), ('whole', 'JJ'), ('management', 'NN'), ('supportive', 'NN'), ('reliable', 'NN')]",Positive
Good organization to gain experience.,Good organization to gain experience.,good organization to gain experience,good organization gain experience,good organization gain experience,"['good', 'organization', 'gain', 'experience']","[('good', 'JJ'), ('organization', 'NN'), ('gain', 'NN'), ('experience', 'NN')]",Positive
Nice place to work in ADIB bank,Nice place to work in ADIB bank,nice place to work in adib bank,nice place work adib bank,nice place work adib bank,"['nice', 'place', 'work', 'adib', 'bank']","[('nice', 'JJ'), ('place', 'NN'), ('work', 'NN'), ('adib', 'RB'), ('bank', 'NN')]",Positive
Forward and progressive organisation that uses technology to move forward,Forward and progressive organisation that uses technology to move forward,forward and progressive organisation that uses technology to move forward,forward progressive organisation uses technology move forward,forward progressive organisation us technology move forward,"['forward', 'progressive', 'organisation', 'us', 'technology', 'move', 'forward']","[('forward', 'RB'), ('progressive', 'JJ'), ('organisation', 'NN'), ('us', 'PRP'), ('technology', 'NN'), ('move', 'VB'), ('forward', 'RB')]",Neutral
No growth even if you work 10 years,No growth even if you work 10 years,no growth even if you work 10 years,growth even work 10 years,growth even work 10 year,"['growth', 'even', 'work', '10', 'year']","[('growth', 'NN'), ('even', 'RB'), ('work', 'VB'), ('10', 'CD'), ('year', 'NN')]",Negative
Latest technologies stack and seriously good people and management,Latest technologies stack and seriously good people and management,latest technologies stack and seriously good people and management,latest technologies stack seriously good people management,latest technology stack seriously good people management,"['latest', 'technology', 'stack', 'seriously', 'good', 'people', 'management']","[('latest', 'JJS'), ('technology', 'NN'), ('stack', 'NN'), ('seriously', 'RB'), ('good', 'JJ'), ('people', 'NNS'), ('management', 'NN')]",Positive
Wonderful people and mindsets. Opportunity for promotion and joining many scopes. Respectful managers.,Wonderful people and mindsets. Opportunity for promotion and joining many scopes. Respectful managers.,wonderful people and mindsets opportunity for promotion and joining many scopes respectful managers,wonderful people mindsets opportunity promotion joining many scopes respectful managers,wonderful people mindset opportunity promotion joining many scope respectful manager,"['wonderful', 'people', 'mindset', 'opportunity', 'promotion', 'joining', 'many', 'scope', 'respectful', 'manager']","[('wonderful', 'JJ'), ('people', 'NNS'), ('mindset', 'VBP'), ('opportunity', 'NN'), ('promotion', 'NN'), ('joining', 'VBG'), ('many', 'JJ'), ('scope', 'VBP'), ('respectful', 'JJ'), ('manager', 'NN')]",Positive
Gain a bit of experience,Gain a bit of experience,gain a bit of experience,gain bit experience,gain bit experience,"['gain', 'bit', 'experience']","[('gain', 'NN'), ('bit', 'NN'), ('experience', 'NN')]",Positive
supportive good working environment good salary,supportive good working environment good salary,supportive good working environment good salary,supportive good working environment good salary,supportive good working environment good salary,"['supportive', 'good', 'working', 'environment', 'good', 'salary']","[('supportive', 'JJ'), ('good', 'JJ'), ('working', 'NN'), ('environment', 'NN'), ('good', 'JJ'), ('salary', 'NN')]",Positive
Amazing managers and work environment,Amazing managers and work environment,amazing managers and work environment,amazing managers work environment,amazing manager work environment,"['amazing', 'manager', 'work', 'environment']","[('amazing', 'JJ'), ('manager', 'NN'), ('work', 'NN'), ('environment', 'NN')]",Positive
You will learn a lot due so many work,You will learn a lot due so many work,you will learn a lot due so many work,learn lot due many work,learn lot due many work,"['learn', 'lot', 'due', 'many', 'work']","[('learn', 'NN'), ('lot', 'NN'), ('due', 'JJ'), ('many', 'JJ'), ('work', 'NN')]",Neutral
Good environment in general at adib,Good environment in general at adib,good environment in general at adib,good environment general adib,good environment general adib,"['good', 'environment', 'general', 'adib']","[('good', 'JJ'), ('environment', 'NN'), ('general', 'JJ'), ('adib', 'NN')]",Positive
* Respectful * Good team Management * Friendly and understanding boss and team members,* Respectful * Good team Management * Friendly and understanding boss and team members, respectful  good team management  friendly and understanding boss and team members,respectful good team management friendly understanding boss team members,respectful good team management friendly understanding bos team member,"['respectful', 'good', 'team', 'management', 'friendly', 'understanding', 'bos', 'team', 'member']","[('respectful', 'JJ'), ('good', 'JJ'), ('team', 'NN'), ('management', 'NN'), ('friendly', 'RB'), ('understanding', 'JJ'), ('bos', 'NNS'), ('team', 'NN'), ('member', 'NN')]",Positive
"Good Team, decent pay with good leadership. Very good organization for Emirati National with greater support","Good Team, decent pay with good leadership. Very good organization for Emirati National with greater support",good team decent pay with good leadership very good organization for emirati national with greater support,good team decent pay good leadership good organization emirati national greater support,good team decent pay good leadership good organization emirati national greater support,"['good', 'team', 'decent', 'pay', 'good', 'leadership', 'good', 'organization', 'emirati', 'national', 'greater', 'support']","[('good', 'JJ'), ('team', 'NN'), ('decent', 'JJ'), ('pay', 'NN'), ('good', 'JJ'), ('leadership', 'NN'), ('good', 'JJ'), ('organization', 'NN'), ('emirati', 'VBP'), ('national', 'JJ'), ('greater', 'JJR'), ('support', 'NN')]",Positive
Stability in work environment overall,Stability in work environment overall,stability in work environment overall,stability work environment overall,stability work environment overall,"['stability', 'work', 'environment', 'overall']","[('stability', 'NN'), ('work', 'NN'), ('environment', 'NN'), ('overall', 'JJ')]",Neutral
Able to handle pressure and extensive work load,Able to handle pressure and extensive work load,able to handle pressure and extensive work load,able handle pressure extensive work load,able handle pressure extensive work load,"['able', 'handle', 'pressure', 'extensive', 'work', 'load']","[('able', 'JJ'), ('handle', 'JJ'), ('pressure', 'NN'), ('extensive', 'JJ'), ('work', 'NN'), ('load', 'NN')]",Negative
Financial Revenues of the bank across the years,Financial Revenues of the bank across the years,financial revenues of the bank across the years,financial revenues bank across years,financial revenue bank across year,"['financial', 'revenue', 'bank', 'across', 'year']","[('financial', 'JJ'), ('revenue', 'NN'), ('bank', 'NN'), ('across', 'IN'), ('year', 'NN')]",Neutral
They care about the customers over the employe and they care about the customers happiness more.,They care about the customers over the employe and they care about the customers happiness more.,they care about the customers over the employe and they care about the customers happiness more,care customers employe care customers happiness,care customer employe care customer happiness,"['care', 'customer', 'employe', 'care', 'customer', 'happiness']","[('care', 'NN'), ('customer', 'NN'), ('employe', 'NN'), ('care', 'NN'), ('customer', 'NN'), ('happiness', 'NN')]",Positive
average pay at best good commission structure decent or good boss if God is on your side,average pay at best good commission structure decent or good boss if God is on your side,average pay at best good commission structure decent or good boss if god is on your side,average pay best good commission structure decent good boss god side,average pay best good commission structure decent good bos god side,"['average', 'pay', 'best', 'good', 'commission', 'structure', 'decent', 'good', 'bos', 'god', 'side']","[('average', 'JJ'), ('pay', 'NN'), ('best', 'JJS'), ('good', 'JJ'), ('commission', 'NN'), ('structure', 'NN'), ('decent', 'JJ'), ('good', 'JJ'), ('bos', 'NN'), ('god', 'NNS'), ('side', 'NN')]",Positive
Islamic Banking industry Good environment,Islamic Banking industry Good environment,islamic banking industry good environment,islamic banking industry good environment,islamic banking industry good environment,"['islamic', 'banking', 'industry', 'good', 'environment']","[('islamic', 'JJ'), ('banking', 'NN'), ('industry', 'NN'), ('good', 'JJ'), ('environment', 'NN')]",Positive
Good people Organized work Clear goals,Good people Organized work Clear goals,good people organized work clear goals,good people organized work clear goals,good people organized work clear goal,"['good', 'people', 'organized', 'work', 'clear', 'goal']","[('good', 'JJ'), ('people', 'NNS'), ('organized', 'VBN'), ('work', 'NN'), ('clear', 'JJ'), ('goal', 'NN')]",Positive
Environment Managers Product Cooperation Salaries,Environment Managers Product Cooperation Salaries,environment managers product cooperation salaries,environment managers product cooperation salaries,environment manager product cooperation salary,"['environment', 'manager', 'product', 'cooperation', 'salary']","[('environment', 'NN'), ('manager', 'NN'), ('product', 'NN'), ('cooperation', 'NN'), ('salary', 'NN')]",Neutral
Good environment and team are friendly,Good environment and team are friendly,good environment and team are friendly,good environment team friendly,good environment team friendly,"['good', 'environment', 'team', 'friendly']","[('good', 'JJ'), ('environment', 'NN'), ('team', 'NN'), ('friendly', 'RB')]",Positive
Cross functional collaboration &amp; communication is easier,Cross functional collaboration &amp; communication is easier,cross functional collaboration amp communication is easier,cross functional collaboration amp communication easier,cross functional collaboration amp communication easier,"['cross', 'functional', 'collaboration', 'amp', 'communication', 'easier']","[('cross', 'JJ'), ('functional', 'JJ'), ('collaboration', 'NN'), ('amp', 'NN'), ('communication', 'NN'), ('easier', 'JJR')]",Positive
Huge portfolio which leads to great experience,Huge portfolio which leads to great experience,huge portfolio which leads to great experience,huge portfolio leads great experience,huge portfolio lead great experience,"['huge', 'portfolio', 'lead', 'great', 'experience']","[('huge', 'JJ'), ('portfolio', 'NN'), ('lead', 'JJ'), ('great', 'JJ'), ('experience', 'NN')]",Positive
Nothing positive about this place,Nothing positive about this place,nothing positive about this place,nothing positive place,nothing positive place,"['nothing', 'positive', 'place']","[('nothing', 'NN'), ('positive', 'JJ'), ('place', 'NN')]",Negative
"Good Employer, Stable Organisation, Good Leadership Team","Good Employer, Stable Organisation, Good Leadership Team",good employer stable organisation good leadership team,good employer stable organisation good leadership team,good employer stable organisation good leadership team,"['good', 'employer', 'stable', 'organisation', 'good', 'leadership', 'team']","[('good', 'JJ'), ('employer', 'NN'), ('stable', 'JJ'), ('organisation', 'NN'), ('good', 'JJ'), ('leadership', 'NN'), ('team', 'NN')]",Positive
Good opportunity to improve and good value for staff,Good opportunity to improve and good value for staff,good opportunity to improve and good value for staff,good opportunity improve good value staff,good opportunity improve good value staff,"['good', 'opportunity', 'improve', 'good', 'value', 'staff']","[('good', 'JJ'), ('opportunity', 'NN'), ('improve', 'VB'), ('good', 'JJ'), ('value', 'NN'), ('staff', 'NN')]",Positive
Half day in Friday No works in weekends,Half day in Friday No works in weekends,half day in friday no works in weekends,half day friday works weekends,half day friday work weekend,"['half', 'day', 'friday', 'work', 'weekend']","[('half', 'DT'), ('day', 'NN'), ('friday', 'JJ'), ('work', 'NN'), ('weekend', 'NN')]",Negative
"One of the largest Banking institute in UAE with employess more than 6500. Having a large network, offering diversified banking services int he region.","One of the largest Banking institute in UAE with employess more than 6500. Having a large network, offering diversified banking services int he region.",one of the largest banking institute in uae with employess more than 6500 having a large network offering diversified banking services int he region,one largest banking institute uae employess 6500 large network offering diversified banking services int region,one largest banking institute uae employess 6500 large network offering diversified banking service int region,"['one', 'largest', 'banking', 'institute', 'uae', 'employess', '6500', 'large', 'network', 'offering', 'diversified', 'banking', 'service', 'int', 'region']","[('one', 'CD'), ('largest', 'JJS'), ('banking', 'VBG'), ('institute', 'NN'), ('uae', 'NN'), ('employess', 'NN'), ('6500', 'CD'), ('large', 'JJ'), ('network', 'NN'), ('offering', 'NN'), ('diversified', 'VBD'), ('banking', 'NN'), ('service', 'NN'), ('int', 'NN'), ('region', 'NN')]",Neutral
very good place to work,very good place to work,very good place to work,good place work,good place work,"['good', 'place', 'work']","[('good', 'JJ'), ('place', 'NN'), ('work', 'NN')]",Positive
Nice envioment and great experiance,Nice envioment and great experiance,nice envioment and great experiance,nice envioment great experiance,nice envioment great experiance,"['nice', 'envioment', 'great', 'experiance']","[('nice', 'JJ'), ('envioment', 'NN'), ('great', 'JJ'), ('experiance', 'NN')]",Positive
Flexible Nice environment Incentive Time,Flexible Nice environment Incentive Time,flexible nice environment incentive time,flexible nice environment incentive time,flexible nice environment incentive time,"['flexible', 'nice', 'environment', 'incentive', 'time']","[('flexible', 'JJ'), ('nice', 'JJ'), ('environment', 'NN'), ('incentive', 'NN'), ('time', 'NN')]",Positive
Okay I get I'll course of this job,Okay I get I'll course of this job,okay i get ill course of this job,okay get ill course job,okay get ill course job,"['okay', 'get', 'ill', 'course', 'job']","[('okay', 'JJ'), ('get', 'NN'), ('ill', 'JJ'), ('course', 'NN'), ('job', 'NN')]",Positive
"Stable, management support and team work","Stable, management support and team work",stable management support and team work,stable management support team work,stable management support team work,"['stable', 'management', 'support', 'team', 'work']","[('stable', 'JJ'), ('management', 'NN'), ('support', 'NN'), ('team', 'NN'), ('work', 'NN')]",Positive
Stability Large market share Stability,Stability Large market share Stability,stability large market share stability,stability large market share stability,stability large market share stability,"['stability', 'large', 'market', 'share', 'stability']","[('stability', 'NN'), ('large', 'JJ'), ('market', 'NN'), ('share', 'NN'), ('stability', 'NN')]",Positive
#NAME?,#NAME?,name,name,name,['name'],"[('name', 'NN')]",Neutral
Good financials benefits for employees,Good financials benefits for employees,good financials benefits for employees,good financials benefits employees,good financials benefit employee,"['good', 'financials', 'benefit', 'employee']","[('good', 'JJ'), ('financials', 'NNS'), ('benefit', 'VBP'), ('employee', 'NN')]",Positive
Good environment good people hard workers,Good environment good people hard workers,good environment good people hard workers,good environment good people hard workers,good environment good people hard worker,"['good', 'environment', 'good', 'people', 'hard', 'worker']","[('good', 'JJ'), ('environment', 'NN'), ('good', 'JJ'), ('people', 'NNS'), ('hard', 'JJ'), ('worker', 'NN')]",Positive
Only the knowledge you will gain is the most attractive factor you would find there,Only the knowledge you will gain is the most attractive factor you would find there,only the knowledge you will gain is the most attractive factor you would find there,knowledge gain attractive factor would find,knowledge gain attractive factor would find,"['knowledge', 'gain', 'attractive', 'factor', 'would', 'find']","[('knowledge', 'NN'), ('gain', 'NN'), ('attractive', 'JJ'), ('factor', 'NN'), ('would', 'MD'), ('find', 'VB')]",Positive
The Bank offers good bonuses,The Bank offers good bonuses,the bank offers good bonuses,bank offers good bonuses,bank offer good bonus,"['bank', 'offer', 'good', 'bonus']","[('bank', 'NN'), ('offer', 'NN'), ('good', 'JJ'), ('bonus', 'NN')]",Positive
Good environment to learn and work,Good environment to learn and work,good environment to learn and work,good environment learn work,good environment learn work,"['good', 'environment', 'learn', 'work']","[('good', 'JJ'), ('environment', 'NN'), ('learn', 'NN'), ('work', 'NN')]",Positive
#NAME?,#NAME?,name,name,name,['name'],"[('name', 'NN')]",Neutral
recommended to work within Adib,recommended to work within Adib,recommended to work within adib,recommended work within adib,recommended work within adib,"['recommended', 'work', 'within', 'adib']","[('recommended', 'VBN'), ('work', 'NN'), ('within', 'IN'), ('adib', 'NNS')]",Positive
The workplace is good and the work doesn't require experience. They will teach you almost everything.,The workplace is good and the work doesn't require experience. They will teach you almost everything.,the workplace is good and the work doesnt require experience they will teach you almost everything,workplace good work doesnt require experience teach almost everything,workplace good work doesnt require experience teach almost everything,"['workplace', 'good', 'work', 'doesnt', 'require', 'experience', 'teach', 'almost', 'everything']","[('workplace', 'NN'), ('good', 'JJ'), ('work', 'NN'), ('doesnt', 'NN'), ('require', 'VBP'), ('experience', 'NN'), ('teach', 'NN'), ('almost', 'RB'), ('everything', 'NN')]",Positive
Progressive culture that welcomes changes,Progressive culture that welcomes changes,progressive culture that welcomes changes,progressive culture welcomes changes,progressive culture welcome change,"['progressive', 'culture', 'welcome', 'change']","[('progressive', 'JJ'), ('culture', 'NN'), ('welcome', 'JJ'), ('change', 'NN')]",Positive
Great experience and investment in employees,Great experience and investment in employees,great experience and investment in employees,great experience investment employees,great experience investment employee,"['great', 'experience', 'investment', 'employee']","[('great', 'JJ'), ('experience', 'NN'), ('investment', 'NN'), ('employee', 'NN')]",Positive
"friendly, less political environment, easy to complete task","friendly, less political environment, easy to complete task",friendly less political environment easy to complete task,friendly less political environment easy complete task,friendly less political environment easy complete task,"['friendly', 'less', 'political', 'environment', 'easy', 'complete', 'task']","[('friendly', 'RB'), ('less', 'RBR'), ('political', 'JJ'), ('environment', 'NN'), ('easy', 'JJ'), ('complete', 'JJ'), ('task', 'NN')]",Positive
strength of Experience. Smart worker,strength of Experience. Smart worker,strength of experience smart worker,strength experience smart worker,strength experience smart worker,"['strength', 'experience', 'smart', 'worker']","[('strength', 'NN'), ('experience', 'NN'), ('smart', 'NN'), ('worker', 'NN')]",Positive
#NAME?,#NAME?,name,name,name,['name'],"[('name', 'NN')]",Neutral
"Stability, diversity, good place to learn","Stability, diversity, good place to learn",stability diversity good place to learn,stability diversity good place learn,stability diversity good place learn,"['stability', 'diversity', 'good', 'place', 'learn']","[('stability', 'NN'), ('diversity', 'NN'), ('good', 'JJ'), ('place', 'NN'), ('learn', 'NN')]",Positive
Decent work environment with good reputation,Decent work environment with good reputation,decent work environment with good reputation,decent work environment good reputation,decent work environment good reputation,"['decent', 'work', 'environment', 'good', 'reputation']","[('decent', 'JJ'), ('work', 'NN'), ('environment', 'NN'), ('good', 'JJ'), ('reputation', 'NN')]",Positive
Accepting new ideas and agile,Accepting new ideas and agile,accepting new ideas and agile,accepting new ideas agile,accepting new idea agile,"['accepting', 'new', 'idea', 'agile']","[('accepting', 'VBG'), ('new', 'JJ'), ('idea', 'NN'), ('agile', 'NN')]",Positive
Advanced business model with diversified gained experience.,Advanced business model with diversified gained experience.,advanced business model with diversified gained experience,advanced business model diversified gained experience,advanced business model diversified gained experience,"['advanced', 'business', 'model', 'diversified', 'gained', 'experience']","[('advanced', 'JJ'), ('business', 'NN'), ('model', 'NN'), ('diversified', 'VBD'), ('gained', 'JJ'), ('experience', 'NN')]",Positive
Money is decent for job,Money is decent for job,money is decent for job,money decent job,money decent job,"['money', 'decent', 'job']","[('money', 'NN'), ('decent', 'NN'), ('job', 'NN')]",Neutral
Good facilities and work experience,Good facilities and work experience,good facilities and work experience,good facilities work experience,good facility work experience,"['good', 'facility', 'work', 'experience']","[('good', 'JJ'), ('facility', 'NN'), ('work', 'NN'), ('experience', 'NN')]",Positive
"Good exposure 
Huge brand name 
Good bonus","Good exposure 
Huge brand name 
Good bonus","good exposure 
huge brand name 
good bonus",good exposure huge brand name good bonus,good exposure huge brand name good bonus,"['good', 'exposure', 'huge', 'brand', 'name', 'good', 'bonus']","[('good', 'JJ'), ('exposure', 'NN'), ('huge', 'JJ'), ('brand', 'NN'), ('name', 'NN'), ('good', 'JJ'), ('bonus', 'NN')]",Positive
Nice work environment and ppl,Nice work environment and ppl,nice work environment and ppl,nice work environment ppl,nice work environment ppl,"['nice', 'work', 'environment', 'ppl']","[('nice', 'JJ'), ('work', 'NN'), ('environment', 'NN'), ('ppl', 'NN')]",Positive
"It has a good work environment, good people.","It has a good work environment, good people.",it has a good work environment good people,good work environment good people,good work environment good people,"['good', 'work', 'environment', 'good', 'people']","[('good', 'JJ'), ('work', 'NN'), ('environment', 'NN'), ('good', 'JJ'), ('people', 'NNS')]",Positive
"Good environment , Skilled employees, friendly","Good environment , Skilled employees, friendly",good environment  skilled employees friendly,good environment skilled employees friendly,good environment skilled employee friendly,"['good', 'environment', 'skilled', 'employee', 'friendly']","[('good', 'JJ'), ('environment', 'NN'), ('skilled', 'VBD'), ('employee', 'NN'), ('friendly', 'RB')]",Positive
Good work environment and comfortable to porpoises and to renovate.,Good work environment and comfortable to porpoises and to renovate.,good work environment and comfortable to porpoises and to renovate,good work environment comfortable porpoises renovate,good work environment comfortable porpoise renovate,"['good', 'work', 'environment', 'comfortable', 'porpoise', 'renovate']","[('good', 'JJ'), ('work', 'NN'), ('environment', 'NN'), ('comfortable', 'JJ'), ('porpoise', 'NN'), ('renovate', 'NN')]",Positive
There is no partiality in employees.,There is no partiality in employees.,there is no partiality in employees,partiality employees,partiality employee,"['partiality', 'employee']","[('partiality', 'NN'), ('employee', 'NN')]",Negative
Great company to work and good place to learn,Great company to work and good place to learn,great company to work and good place to learn,great company work good place learn,great company work good place learn,"['great', 'company', 'work', 'good', 'place', 'learn']","[('great', 'JJ'), ('company', 'NN'), ('work', 'NN'), ('good', 'JJ'), ('place', 'NN'), ('learn', 'NN')]",Positive
Good technologies and projects and learning,Good technologies and projects and learning,good technologies and projects and learning,good technologies projects learning,good technology project learning,"['good', 'technology', 'project', 'learning']","[('good', 'JJ'), ('technology', 'NN'), ('project', 'NN'), ('learning', 'VBG')]",Positive
Work life balance is good,Work life balance is good,work life balance is good,work life balance good,work life balance good,"['work', 'life', 'balance', 'good']","[('work', 'NN'), ('life', 'NN'), ('balance', 'NN'), ('good', 'JJ')]",Positive
"It’s based in a great location

4,5 day working weeks","It’s based in a great location

4,5 day working weeks","its based in a great location

45 day working weeks",based great location 45 day working weeks,based great location 45 day working week,"['based', 'great', 'location', '45', 'day', 'working', 'week']","[('based', 'VBN'), ('great', 'JJ'), ('location', 'NN'), ('45', 'CD'), ('day', 'NN'), ('working', 'VBG'), ('week', 'NN')]",Positive
risk remedial. . . .,risk remedial. . . .,risk remedial   ,risk remedial,risk remedial,"['risk', 'remedial']","[('risk', 'NN'), ('remedial', 'NN')]",Negative
Learning Growth New roles and Challenges,Learning Growth New roles and Challenges,learning growth new roles and challenges,learning growth new roles challenges,learning growth new role challenge,"['learning', 'growth', 'new', 'role', 'challenge']","[('learning', 'VBG'), ('growth', 'NN'), ('new', 'JJ'), ('role', 'NN'), ('challenge', 'NN')]",Positive
main bank in UAE and can build relations,main bank in UAE and can build relations,main bank in uae and can build relations,main bank uae build relations,main bank uae build relation,"['main', 'bank', 'uae', 'build', 'relation']","[('main', 'JJ'), ('bank', 'NN'), ('uae', 'JJ'), ('build', 'JJ'), ('relation', 'NN')]",Neutral
U will gain a good experience,U will gain a good experience,u will gain a good experience,u gain good experience,u gain good experience,"['u', 'gain', 'good', 'experience']","[('u', 'JJ'), ('gain', 'NN'), ('good', 'JJ'), ('experience', 'NN')]",Positive
Good please to work in the uae,Good please to work in the uae,good please to work in the uae,good please work uae,good please work uae,"['good', 'please', 'work', 'uae']","[('good', 'JJ'), ('please', 'NN'), ('work', 'NN'), ('uae', 'NN')]",Positive
"Stable work, good work environment","Stable work, good work environment",stable work good work environment,stable work good work environment,stable work good work environment,"['stable', 'work', 'good', 'work', 'environment']","[('stable', 'JJ'), ('work', 'NN'), ('good', 'JJ'), ('work', 'NN'), ('environment', 'NN')]",Positive
"Stable bank, piece of mind","Stable bank, piece of mind",stable bank piece of mind,stable bank piece mind,stable bank piece mind,"['stable', 'bank', 'piece', 'mind']","[('stable', 'JJ'), ('bank', 'NN'), ('piece', 'NN'), ('mind', 'NN')]",Positive
Best Islamic Bank in the World.,Best Islamic Bank in the World.,best islamic bank in the world,best islamic bank world,best islamic bank world,"['best', 'islamic', 'bank', 'world']","[('best', 'JJS'), ('islamic', 'JJ'), ('bank', 'NN'), ('world', 'NN')]",Positive
The bank is expanding and attracts good calibers. Huge room for learning and progressing,The bank is expanding and attracts good calibers. Huge room for learning and progressing,the bank is expanding and attracts good calibers huge room for learning and progressing,bank expanding attracts good calibers huge room learning progressing,bank expanding attracts good caliber huge room learning progressing,"['bank', 'expanding', 'attracts', 'good', 'caliber', 'huge', 'room', 'learning', 'progressing']","[('bank', 'NN'), ('expanding', 'VBG'), ('attracts', 'NNS'), ('good', 'JJ'), ('caliber', 'NN'), ('huge', 'JJ'), ('room', 'NN'), ('learning', 'VBG'), ('progressing', 'VBG')]",Positive
"Friendly Environment, good salary for top management","Friendly Environment, good salary for top management",friendly environment good salary for top management,friendly environment good salary top management,friendly environment good salary top management,"['friendly', 'environment', 'good', 'salary', 'top', 'management']","[('friendly', 'JJ'), ('environment', 'NN'), ('good', 'JJ'), ('salary', 'NN'), ('top', 'JJ'), ('management', 'NN')]",Positive
Abu Dhabi Islamic Bank is one of the best &amp; leading banking industry in UAE,Abu Dhabi Islamic Bank is one of the best &amp; leading banking industry in UAE,abu dhabi islamic bank is one of the best amp leading banking industry in uae,abu dhabi islamic bank one best amp leading banking industry uae,abu dhabi islamic bank one best amp leading banking industry uae,"['abu', 'dhabi', 'islamic', 'bank', 'one', 'best', 'amp', 'leading', 'banking', 'industry', 'uae']","[('abu', 'NN'), ('dhabi', 'NNS'), ('islamic', 'JJ'), ('bank', 'NN'), ('one', 'CD'), ('best', 'JJS'), ('amp', 'NN'), ('leading', 'VBG'), ('banking', 'NN'), ('industry', 'NN'), ('uae', 'NN')]",Positive
"stable and good team, get involved in a variety of work","stable and good team, get involved in a variety of work",stable and good team get involved in a variety of work,stable good team get involved variety work,stable good team get involved variety work,"['stable', 'good', 'team', 'get', 'involved', 'variety', 'work']","[('stable', 'JJ'), ('good', 'JJ'), ('team', 'NN'), ('get', 'VB'), ('involved', 'JJ'), ('variety', 'NN'), ('work', 'NN')]",Positive
"Stable, decent people easy to work with,","Stable, decent people easy to work with,",stable decent people easy to work with,stable decent people easy work,stable decent people easy work,"['stable', 'decent', 'people', 'easy', 'work']","[('stable', 'JJ'), ('decent', 'JJ'), ('people', 'NNS'), ('easy', 'JJ'), ('work', 'NN')]",Positive
Technology driven Islamic bank with great roadmap,Technology driven Islamic bank with great roadmap,technology driven islamic bank with great roadmap,technology driven islamic bank great roadmap,technology driven islamic bank great roadmap,"['technology', 'driven', 'islamic', 'bank', 'great', 'roadmap']","[('technology', 'NN'), ('driven', 'NNS'), ('islamic', 'JJ'), ('bank', 'NN'), ('great', 'JJ'), ('roadmap', 'NN')]",Positive
"Friendly boss, not much pros","Friendly boss, not much pros",friendly boss not much pros,friendly boss much pros,friendly bos much pro,"['friendly', 'bos', 'much', 'pro']","[('friendly', 'RB'), ('bos', 'RB'), ('much', 'JJ'), ('pro', 'NN')]",Positive
Migration project experience and intellect system,Migration project experience and intellect system,migration project experience and intellect system,migration project experience intellect system,migration project experience intellect system,"['migration', 'project', 'experience', 'intellect', 'system']","[('migration', 'NN'), ('project', 'NN'), ('experience', 'NN'), ('intellect', 'NN'), ('system', 'NN')]",Positive
Healthy and good environment with many aspects to learn .,Healthy and good environment with many aspects to learn .,healthy and good environment with many aspects to learn ,healthy good environment many aspects learn,healthy good environment many aspect learn,"['healthy', 'good', 'environment', 'many', 'aspect', 'learn']","[('healthy', 'JJ'), ('good', 'JJ'), ('environment', 'NN'), ('many', 'JJ'), ('aspect', 'NN'), ('learn', 'NN')]",Positive
good bank to work as a start,good bank to work as a start,good bank to work as a start,good bank work start,good bank work start,"['good', 'bank', 'work', 'start']","[('good', 'JJ'), ('bank', 'NN'), ('work', 'NN'), ('start', 'NN')]",Positive
i worked bank in abu dhabi since 2004.,i worked bank in abu dhabi since 2004.,i worked bank in abu dhabi since 2004,worked bank abu dhabi since 2004,worked bank abu dhabi since 2004,"['worked', 'bank', 'abu', 'dhabi', 'since', '2004']","[('worked', 'JJ'), ('bank', 'NN'), ('abu', 'IN'), ('dhabi', 'NN'), ('since', 'IN'), ('2004', 'CD')]",Neutral
The Compensation Analyst will research job requirements and evaluate job positions to ensure the company is competitive in the areas of salaries and employee benefits.,The Compensation Analyst will research job requirements and evaluate job positions to ensure the company is competitive in the areas of salaries and employee benefits.,the compensation analyst will research job requirements and evaluate job positions to ensure the company is competitive in the areas of salaries and employee benefits,compensation analyst research job requirements evaluate job positions ensure company competitive areas salaries employee benefits,compensation analyst research job requirement evaluate job position ensure company competitive area salary employee benefit,"['compensation', 'analyst', 'research', 'job', 'requirement', 'evaluate', 'job', 'position', 'ensure', 'company', 'competitive', 'area', 'salary', 'employee', 'benefit']","[('compensation', 'NN'), ('analyst', 'NN'), ('research', 'NN'), ('job', 'NN'), ('requirement', 'NN'), ('evaluate', 'VB'), ('job', 'NN'), ('position', 'NN'), ('ensure', 'VB'), ('company', 'NN'), ('competitive', 'JJ'), ('area', 'NN'), ('salary', 'JJ'), ('employee', 'NN'), ('benefit', 'NN')]",Positive
"Good Environment

Exposed to a lot of Different IT Systems 

Good learning environment","Good Environment

Exposed to a lot of Different IT Systems 

Good learning environment","good environment

exposed to a lot of different it systems 

good learning environment",good environment exposed lot different systems good learning environment,good environment exposed lot different system good learning environment,"['good', 'environment', 'exposed', 'lot', 'different', 'system', 'good', 'learning', 'environment']","[('good', 'JJ'), ('environment', 'NN'), ('exposed', 'VBN'), ('lot', 'RB'), ('different', 'JJ'), ('system', 'NN'), ('good', 'JJ'), ('learning', 'NN'), ('environment', 'NN')]",Positive
"One of the big name name in financial sector ,multinational Bank","One of the big name name in financial sector ,multinational Bank",one of the big name name in financial sector multinational bank,one big name name financial sector multinational bank,one big name name financial sector multinational bank,"['one', 'big', 'name', 'name', 'financial', 'sector', 'multinational', 'bank']","[('one', 'CD'), ('big', 'JJ'), ('name', 'NN'), ('name', 'NN'), ('financial', 'JJ'), ('sector', 'NN'), ('multinational', 'JJ'), ('bank', 'NN')]",Neutral
#NAME?,#NAME?,name,name,name,['name'],"[('name', 'NN')]",Neutral
good place with low salary but you will learn a lot there.,good place with low salary but you will learn a lot there.,good place with low salary but you will learn a lot there,good place low salary learn lot,good place low salary learn lot,"['good', 'place', 'low', 'salary', 'learn', 'lot']","[('good', 'JJ'), ('place', 'NN'), ('low', 'JJ'), ('salary', 'NN'), ('learn', 'NN'), ('lot', 'NN')]",Positive
"Good working place

Experienced team managers

Very comfortable environment where you actually sometimes forget that you're in a workplace but in a professional way.

Over the 2 years i have learned so much from transfers and Treasury . the bank staff always encourage you to learn something new and provide trainings for the desired subjects.","Good working place

Experienced team managers

Very comfortable environment where you actually sometimes forget that you're in a workplace but in a professional way.

Over the 2 years i have learned so much from transfers and Treasury . the bank staff always encourage you to learn something new and provide trainings for the desired subjects.","good working place

experienced team managers

very comfortable environment where you actually sometimes forget that youre in a workplace but in a professional way

over the 2 years i have learned so much from transfers and treasury  the bank staff always encourage you to learn something new and provide trainings for the desired subjects",good working place experienced team managers comfortable environment actually sometimes forget youre workplace professional way 2 years learned much transfers treasury bank staff always encourage learn something new provide trainings desired subjects,good working place experienced team manager comfortable environment actually sometimes forget youre workplace professional way 2 year learned much transfer treasury bank staff always encourage learn something new provide training desired subject,"['good', 'working', 'place', 'experienced', 'team', 'manager', 'comfortable', 'environment', 'actually', 'sometimes', 'forget', 'youre', 'workplace', 'professional', 'way', '2', 'year', 'learned', 'much', 'transfer', 'treasury', 'bank', 'staff', 'always', 'encourage', 'learn', 'something', 'new', 'provide', 'training', 'desired', 'subject']","[('good', 'JJ'), ('working', 'VBG'), ('place', 'NN'), ('experienced', 'VBD'), ('team', 'NN'), ('manager', 'NN'), ('comfortable', 'JJ'), ('environment', 'NN'), ('actually', 'RB'), ('sometimes', 'RB'), ('forget', 'VB'), ('youre', 'JJ'), ('workplace', 'NN'), ('professional', 'JJ'), ('way', 'NN'), ('2', 'CD'), ('year', 'NN'), ('learned', 'VBD'), ('much', 'JJ'), ('transfer', 'NN'), ('treasury', 'NN'), ('bank', 'NN'), ('staff', 'NN'), ('always', 'RB'), ('encourage', 'VB'), ('learn', 'VB'), ('something', 'NN'), ('new', 'JJ'), ('provide', 'JJ'), ('training', 'NN'), ('desired', 'VBD'), ('subject', 'JJ')]",Positive
"Comfortable Team members, Latest technologies, Microsoft empowered technologies. Good Facilities.","Comfortable Team members, Latest technologies, Microsoft empowered technologies. Good Facilities.",comfortable team members latest technologies microsoft empowered technologies good facilities,comfortable team members latest technologies microsoft empowered technologies good facilities,comfortable team member latest technology microsoft empowered technology good facility,"['comfortable', 'team', 'member', 'latest', 'technology', 'microsoft', 'empowered', 'technology', 'good', 'facility']","[('comfortable', 'JJ'), ('team', 'NN'), ('member', 'NN'), ('latest', 'JJS'), ('technology', 'NN'), ('microsoft', 'NN'), ('empowered', 'VBD'), ('technology', 'NN'), ('good', 'JJ'), ('facility', 'NN')]",Positive
"Work life balance

Public holidays

Slow work","Work life balance

Public holidays

Slow work","work life balance

public holidays

slow work",work life balance public holidays slow work,work life balance public holiday slow work,"['work', 'life', 'balance', 'public', 'holiday', 'slow', 'work']","[('work', 'NN'), ('life', 'NN'), ('balance', 'NN'), ('public', 'JJ'), ('holiday', 'NN'), ('slow', 'JJ'), ('work', 'NN')]",Positive
Good environment and good stuff,Good environment and good stuff,good environment and good stuff,good environment good stuff,good environment good stuff,"['good', 'environment', 'good', 'stuff']","[('good', 'JJ'), ('environment', 'NN'), ('good', 'JJ'), ('stuff', 'NN')]",Positive
"Management have abnormal pressure
And no timing of working","Management have abnormal pressure
And no timing of working","management have abnormal pressure
and no timing of working",management abnormal pressure timing working,management abnormal pressure timing working,"['management', 'abnormal', 'pressure', 'timing', 'working']","[('management', 'NN'), ('abnormal', 'JJ'), ('pressure', 'NN'), ('timing', 'VBG'), ('working', 'VBG')]",Negative
Good place and good salary,Good place and good salary,good place and good salary,good place good salary,good place good salary,"['good', 'place', 'good', 'salary']","[('good', 'JJ'), ('place', 'NN'), ('good', 'JJ'), ('salary', 'NN')]",Positive
"- Average basic salary, with a generous allowances. 

- Medical, life &amp; disability insurance included.

- Annual leave of 25 working days per year.","- Average basic salary, with a generous allowances. 

- Medical, life &amp; disability insurance included.

- Annual leave of 25 working days per year."," average basic salary with a generous allowances 

 medical life amp disability insurance included

 annual leave of 25 working days per year",average basic salary generous allowances medical life amp disability insurance included annual leave 25 working days per year,average basic salary generous allowance medical life amp disability insurance included annual leave 25 working day per year,"['average', 'basic', 'salary', 'generous', 'allowance', 'medical', 'life', 'amp', 'disability', 'insurance', 'included', 'annual', 'leave', '25', 'working', 'day', 'per', 'year']","[('average', 'JJ'), ('basic', 'JJ'), ('salary', 'JJ'), ('generous', 'JJ'), ('allowance', 'NN'), ('medical', 'JJ'), ('life', 'NN'), ('amp', 'NN'), ('disability', 'NN'), ('insurance', 'NN'), ('included', 'VBD'), ('annual', 'JJ'), ('leave', 'VBP'), ('25', 'CD'), ('working', 'VBG'), ('day', 'NN'), ('per', 'IN'), ('year', 'NN')]",Positive
Great institution to work at,Great institution to work at,great institution to work at,great institution work,great institution work,"['great', 'institution', 'work']","[('great', 'JJ'), ('institution', 'NN'), ('work', 'NN')]",Positive
nothing is there to explain,nothing is there to explain,nothing is there to explain,nothing explain,nothing explain,"['nothing', 'explain']","[('nothing', 'NN'), ('explain', 'NN')]",Neutral
Non Non Non Non Non,Non Non Non Non Non,non non non non non,non non non non non,non non non non non,"['non', 'non', 'non', 'non', 'non']","[('non', 'NN'), ('non', 'NN'), ('non', 'NN'), ('non', 'NN'), ('non', 'NN')]",Neutral
None to describe out here,None to describe out here,none to describe out here,none describe,none describe,"['none', 'describe']","[('none', 'NN'), ('describe', 'NN')]",Neutral
environment is pretty damn good,environment is pretty damn good,environment is pretty damn good,environment pretty damn good,environment pretty damn good,"['environment', 'pretty', 'damn', 'good']","[('environment', 'NN'), ('pretty', 'RB'), ('damn', 'RB'), ('good', 'JJ')]",Positive
Work-life balance and friendly staff,Work-life balance and friendly staff,worklife balance and friendly staff,worklife balance friendly staff,worklife balance friendly staff,"['worklife', 'balance', 'friendly', 'staff']","[('worklife', 'JJ'), ('balance', 'NN'), ('friendly', 'JJ'), ('staff', 'NN')]",Positive
Provides good experience and exposure to the market,Provides good experience and exposure to the market,provides good experience and exposure to the market,provides good experience exposure market,provides good experience exposure market,"['provides', 'good', 'experience', 'exposure', 'market']","[('provides', 'VBZ'), ('good', 'JJ'), ('experience', 'NN'), ('exposure', 'NN'), ('market', 'NN')]",Positive
Good good good good good,Good good good good good,good good good good good,good good good good good,good good good good good,"['good', 'good', 'good', 'good', 'good']","[('good', 'JJ'), ('good', 'JJ'), ('good', 'JJ'), ('good', 'NN'), ('good', 'NN')]",Positive
Great process oriented education in most fields.,Great process oriented education in most fields.,great process oriented education in most fields,great process oriented education fields,great process oriented education field,"['great', 'process', 'oriented', 'education', 'field']","[('great', 'JJ'), ('process', 'NN'), ('oriented', 'VBN'), ('education', 'NN'), ('field', 'NN')]",Positive
Introduce a  significant career growth,Introduce a  significant career growth,introduce a  significant career growth,introduce significant career growth,introduce significant career growth,"['introduce', 'significant', 'career', 'growth']","[('introduce', 'NN'), ('significant', 'JJ'), ('career', 'NN'), ('growth', 'NN')]",Positive
Work atmosphere and the team support,Work atmosphere and the team support,work atmosphere and the team support,work atmosphere team support,work atmosphere team support,"['work', 'atmosphere', 'team', 'support']","[('work', 'NN'), ('atmosphere', 'RB'), ('team', 'JJ'), ('support', 'NN')]",Positive
Good experience and environment to work in,Good experience and environment to work in,good experience and environment to work in,good experience environment work,good experience environment work,"['good', 'experience', 'environment', 'work']","[('good', 'JJ'), ('experience', 'NN'), ('environment', 'NN'), ('work', 'NN')]",Positive
Easy jobs with easy admins,Easy jobs with easy admins,easy jobs with easy admins,easy jobs easy admins,easy job easy admins,"['easy', 'job', 'easy', 'admins']","[('easy', 'JJ'), ('job', 'NN'), ('easy', 'JJ'), ('admins', 'NNS')]",Positive
"Fast growing, always improving, relatively stable for employees. No bell curve in the appraisal system.","Fast growing, always improving, relatively stable for employees. No bell curve in the appraisal system.",fast growing always improving relatively stable for employees no bell curve in the appraisal system,fast growing always improving relatively stable employees bell curve appraisal system,fast growing always improving relatively stable employee bell curve appraisal system,"['fast', 'growing', 'always', 'improving', 'relatively', 'stable', 'employee', 'bell', 'curve', 'appraisal', 'system']","[('fast', 'RB'), ('growing', 'VBG'), ('always', 'RB'), ('improving', 'VBG'), ('relatively', 'RB'), ('stable', 'JJ'), ('employee', 'NN'), ('bell', 'NN'), ('curve', 'NN'), ('appraisal', 'NN'), ('system', 'NN')]",Positive
"* good salary 

* you get paid on time

* your overtime hours are appreciated and paid

* good colleagues

* the place location is good","* good salary 

* you get paid on time

* your overtime hours are appreciated and paid

* good colleagues

* the place location is good"," good salary 

 you get paid on time

 your overtime hours are appreciated and paid

 good colleagues

 the place location is good",good salary get paid time overtime hours appreciated paid good colleagues place location good,good salary get paid time overtime hour appreciated paid good colleague place location good,"['good', 'salary', 'get', 'paid', 'time', 'overtime', 'hour', 'appreciated', 'paid', 'good', 'colleague', 'place', 'location', 'good']","[('good', 'JJ'), ('salary', 'JJ'), ('get', 'NN'), ('paid', 'VBN'), ('time', 'NN'), ('overtime', 'JJ'), ('hour', 'NN'), ('appreciated', 'VBD'), ('paid', 'VBD'), ('good', 'JJ'), ('colleague', 'NN'), ('place', 'NN'), ('location', 'NN'), ('good', 'NN')]",Positive
High paced work environment and good environment,High paced work environment and good environment,high paced work environment and good environment,high paced work environment good environment,high paced work environment good environment,"['high', 'paced', 'work', 'environment', 'good', 'environment']","[('high', 'JJ'), ('paced', 'VBD'), ('work', 'NN'), ('environment', 'NN'), ('good', 'JJ'), ('environment', 'NN')]",Positive
Family friendly environment and stability,Family friendly environment and stability,family friendly environment and stability,family friendly environment stability,family friendly environment stability,"['family', 'friendly', 'environment', 'stability']","[('family', 'NN'), ('friendly', 'RB'), ('environment', 'NN'), ('stability', 'NN')]",Positive
brand local markets is good,brand local markets is good,brand local markets is good,brand local markets good,brand local market good,"['brand', 'local', 'market', 'good']","[('brand', 'NN'), ('local', 'JJ'), ('market', 'NN'), ('good', 'JJ')]",Positive
One of the top banks in UAE,One of the top banks in UAE,one of the top banks in uae,one top banks uae,one top bank uae,"['one', 'top', 'bank', 'uae']","[('one', 'CD'), ('top', 'JJ'), ('bank', 'NN'), ('uae', 'NN')]",Positive
experience you gain and professional conduct,experience you gain and professional conduct,experience you gain and professional conduct,experience gain professional conduct,experience gain professional conduct,"['experience', 'gain', 'professional', 'conduct']","[('experience', 'NN'), ('gain', 'NN'), ('professional', 'JJ'), ('conduct', 'NN')]",Positive
Although the low salaries but the have some incentives related to target,Although the low salaries but the have some incentives related to target,although the low salaries but the have some incentives related to target,although low salaries incentives related target,although low salary incentive related target,"['although', 'low', 'salary', 'incentive', 'related', 'target']","[('although', 'IN'), ('low', 'JJ'), ('salary', 'JJ'), ('incentive', 'NN'), ('related', 'VBN'), ('target', 'NN')]",Positive
"Low work pressure, great management","Low work pressure, great management",low work pressure great management,low work pressure great management,low work pressure great management,"['low', 'work', 'pressure', 'great', 'management']","[('low', 'JJ'), ('work', 'NN'), ('pressure', 'NN'), ('great', 'JJ'), ('management', 'NN')]",Positive
"Learning experience
Rotation between teams
Willing to give people a chance for work.","Learning experience
Rotation between teams
Willing to give people a chance for work.","learning experience
rotation between teams
willing to give people a chance for work",learning experience rotation teams willing give people chance work,learning experience rotation team willing give people chance work,"['learning', 'experience', 'rotation', 'team', 'willing', 'give', 'people', 'chance', 'work']","[('learning', 'VBG'), ('experience', 'NN'), ('rotation', 'NN'), ('team', 'NN'), ('willing', 'JJ'), ('give', 'JJ'), ('people', 'NNS'), ('chance', 'NN'), ('work', 'NN')]",Positive
"Full Range of Medical Benefits, Professional Working Environment, Disciplined Colleagues.","Full Range of Medical Benefits, Professional Working Environment, Disciplined Colleagues.",full range of medical benefits professional working environment disciplined colleagues,full range medical benefits professional working environment disciplined colleagues,full range medical benefit professional working environment disciplined colleague,"['full', 'range', 'medical', 'benefit', 'professional', 'working', 'environment', 'disciplined', 'colleague']","[('full', 'JJ'), ('range', 'NN'), ('medical', 'JJ'), ('benefit', 'NN'), ('professional', 'JJ'), ('working', 'NN'), ('environment', 'NN'), ('disciplined', 'VBD'), ('colleague', 'NN')]",Positive
being with good people to work with,being with good people to work with,being with good people to work with,good people work,good people work,"['good', 'people', 'work']","[('good', 'JJ'), ('people', 'NNS'), ('work', 'VBP')]",Positive
Great learning opportunities. Positive outlook.,Great learning opportunities. Positive outlook.,great learning opportunities positive outlook,great learning opportunities positive outlook,great learning opportunity positive outlook,"['great', 'learning', 'opportunity', 'positive', 'outlook']","[('great', 'JJ'), ('learning', 'VBG'), ('opportunity', 'NN'), ('positive', 'JJ'), ('outlook', 'NN')]",Positive
Learning about Islamic banking and finance,Learning about Islamic banking and finance,learning about islamic banking and finance,learning islamic banking finance,learning islamic banking finance,"['learning', 'islamic', 'banking', 'finance']","[('learning', 'VBG'), ('islamic', 'JJ'), ('banking', 'NN'), ('finance', 'NN')]",Neutral
"Work life balance, customer friendly","Work life balance, customer friendly",work life balance customer friendly,work life balance customer friendly,work life balance customer friendly,"['work', 'life', 'balance', 'customer', 'friendly']","[('work', 'NN'), ('life', 'NN'), ('balance', 'NN'), ('customer', 'NN'), ('friendly', 'RB')]",Positive
"Prestigious working place 

Good environment","Prestigious working place 

Good environment","prestigious working place 

good environment",prestigious working place good environment,prestigious working place good environment,"['prestigious', 'working', 'place', 'good', 'environment']","[('prestigious', 'JJ'), ('working', 'VBG'), ('place', 'NN'), ('good', 'JJ'), ('environment', 'NN')]",Positive
Most popular. Supportive seniors. Good training,Most popular. Supportive seniors. Good training,most popular supportive seniors good training,popular supportive seniors good training,popular supportive senior good training,"['popular', 'supportive', 'senior', 'good', 'training']","[('popular', 'JJ'), ('supportive', 'JJ'), ('senior', 'JJ'), ('good', 'JJ'), ('training', 'NN')]",Positive
"Salary  is good, some teams are amazing","Salary  is good, some teams are amazing",salary  is good some teams are amazing,salary good teams amazing,salary good team amazing,"['salary', 'good', 'team', 'amazing']","[('salary', 'JJ'), ('good', 'JJ'), ('team', 'NN'), ('amazing', 'NN')]",Positive
International market Cosmopolitan Digitization and continuous advancement,International market Cosmopolitan Digitization and continuous advancement,international market cosmopolitan digitization and continuous advancement,international market cosmopolitan digitization continuous advancement,international market cosmopolitan digitization continuous advancement,"['international', 'market', 'cosmopolitan', 'digitization', 'continuous', 'advancement']","[('international', 'JJ'), ('market', 'NN'), ('cosmopolitan', 'JJ'), ('digitization', 'NN'), ('continuous', 'JJ'), ('advancement', 'NN')]",Neutral
"Good culture 

Staff are friendly 

Work life balance","Good culture 

Staff are friendly 

Work life balance","good culture 

staff are friendly 

work life balance",good culture staff friendly work life balance,good culture staff friendly work life balance,"['good', 'culture', 'staff', 'friendly', 'work', 'life', 'balance']","[('good', 'JJ'), ('culture', 'NN'), ('staff', 'NN'), ('friendly', 'JJ'), ('work', 'NN'), ('life', 'NN'), ('balance', 'NN')]",Positive
More experience  and skills as well,More experience  and skills as well,more experience  and skills as well,experience skills well,experience skill well,"['experience', 'skill', 'well']","[('experience', 'NN'), ('skill', 'NN'), ('well', 'RB')]",Positive
#NAME?,#NAME?,name,name,name,['name'],"[('name', 'NN')]",Neutral
Pioneer Islamic Acquirer in UAE,Pioneer Islamic Acquirer in UAE,pioneer islamic acquirer in uae,pioneer islamic acquirer uae,pioneer islamic acquirer uae,"['pioneer', 'islamic', 'acquirer', 'uae']","[('pioneer', 'NN'), ('islamic', 'JJ'), ('acquirer', 'NN'), ('uae', 'NN')]",Neutral
you will learn more stuff and advanced your career,you will learn more stuff and advanced your career,you will learn more stuff and advanced your career,learn stuff advanced career,learn stuff advanced career,"['learn', 'stuff', 'advanced', 'career']","[('learn', 'NN'), ('stuff', 'NN'), ('advanced', 'VBD'), ('career', 'NN')]",Positive
"An open culture and environment for learning and development, and post performance","An open culture and environment for learning and development, and post performance",an open culture and environment for learning and development and post performance,open culture environment learning development post performance,open culture environment learning development post performance,"['open', 'culture', 'environment', 'learning', 'development', 'post', 'performance']","[('open', 'JJ'), ('culture', 'NN'), ('environment', 'NN'), ('learning', 'VBG'), ('development', 'NN'), ('post', 'NN'), ('performance', 'NN')]",Neutral
#NAME?,#NAME?,name,name,name,['name'],"[('name', 'NN')]",Neutral
get a good experience in Islamic banking field,get a good experience in Islamic banking field,get a good experience in islamic banking field,get good experience islamic banking field,get good experience islamic banking field,"['get', 'good', 'experience', 'islamic', 'banking', 'field']","[('get', 'VB'), ('good', 'JJ'), ('experience', 'NN'), ('islamic', 'JJ'), ('banking', 'NN'), ('field', 'NN')]",Positive
"Contract , salary, insurance, 2 days off","Contract , salary, insurance, 2 days off",contract  salary insurance 2 days off,contract salary insurance 2 days,contract salary insurance 2 day,"['contract', 'salary', 'insurance', '2', 'day']","[('contract', 'NN'), ('salary', 'JJ'), ('insurance', 'NN'), ('2', 'CD'), ('day', 'NN')]",Neutral
Sufficient trainings for all employees,Sufficient trainings for all employees,sufficient trainings for all employees,sufficient trainings employees,sufficient training employee,"['sufficient', 'training', 'employee']","[('sufficient', 'JJ'), ('training', 'NN'), ('employee', 'NN')]",Neutral
"Nil, Not much to elaborate","Nil, Not much to elaborate",nil not much to elaborate,nil much elaborate,nil much elaborate,"['nil', 'much', 'elaborate']","[('nil', 'RB'), ('much', 'JJ'), ('elaborate', 'NN')]",Neutral
Career growth is good and can earn lots of incentives,Career growth is good and can earn lots of incentives,career growth is good and can earn lots of incentives,career growth good earn lots incentives,career growth good earn lot incentive,"['career', 'growth', 'good', 'earn', 'lot', 'incentive']","[('career', 'NN'), ('growth', 'NN'), ('good', 'JJ'), ('earn', 'NN'), ('lot', 'NN'), ('incentive', 'NN')]",Positive
"Pretty much non existent, no stability, no morals","Pretty much non existent, no stability, no morals",pretty much non existent no stability no morals,pretty much non existent stability morals,pretty much non existent stability moral,"['pretty', 'much', 'non', 'existent', 'stability', 'moral']","[('pretty', 'RB'), ('much', 'JJ'), ('non', 'JJ'), ('existent', 'JJ'), ('stability', 'NN'), ('moral', 'JJ')]",Positive
Nothing at all I can mention,Nothing at all I can mention,nothing at all i can mention,nothing mention,nothing mention,"['nothing', 'mention']","[('nothing', 'NN'), ('mention', 'NN')]",Neutral
"Good team

Excellent direct manager

Stable

Good salary

An opportunity to learn","Good team

Excellent direct manager

Stable

Good salary

An opportunity to learn","good team

excellent direct manager

stable

good salary

an opportunity to learn",good team excellent direct manager stable good salary opportunity learn,good team excellent direct manager stable good salary opportunity learn,"['good', 'team', 'excellent', 'direct', 'manager', 'stable', 'good', 'salary', 'opportunity', 'learn']","[('good', 'JJ'), ('team', 'NN'), ('excellent', 'NN'), ('direct', 'JJ'), ('manager', 'NN'), ('stable', 'JJ'), ('good', 'JJ'), ('salary', 'JJ'), ('opportunity', 'NN'), ('learn', 'NN')]",Positive
#NAME?,#NAME?,name,name,name,['name'],"[('name', 'NN')]",Neutral
Nothing except for few nice people I met there.,Nothing except for few nice people I met there.,nothing except for few nice people i met there,nothing except nice people met,nothing except nice people met,"['nothing', 'except', 'nice', 'people', 'met']","[('nothing', 'NN'), ('except', 'IN'), ('nice', 'JJ'), ('people', 'NNS'), ('met', 'VBD')]",Positive
A great experience with an elite group of people,A great experience with an elite group of people,a great experience with an elite group of people,great experience elite group people,great experience elite group people,"['great', 'experience', 'elite', 'group', 'people']","[('great', 'JJ'), ('experience', 'NN'), ('elite', 'JJ'), ('group', 'NN'), ('people', 'NNS')]",Positive
Very strong governance and improving strategy with great growth potential,Very strong governance and improving strategy with great growth potential,very strong governance and improving strategy with great growth potential,strong governance improving strategy great growth potential,strong governance improving strategy great growth potential,"['strong', 'governance', 'improving', 'strategy', 'great', 'growth', 'potential']","[('strong', 'JJ'), ('governance', 'NN'), ('improving', 'VBG'), ('strategy', 'NN'), ('great', 'JJ'), ('growth', 'NN'), ('potential', 'NN')]",Positive
Good place to work in,Good place to work in,good place to work in,good place work,good place work,"['good', 'place', 'work']","[('good', 'JJ'), ('place', 'NN'), ('work', 'NN')]",Positive
"Stable business organization

Clear organizational structure","Stable business organization

Clear organizational structure","stable business organization

clear organizational structure",stable business organization clear organizational structure,stable business organization clear organizational structure,"['stable', 'business', 'organization', 'clear', 'organizational', 'structure']","[('stable', 'JJ'), ('business', 'NN'), ('organization', 'NN'), ('clear', 'JJ'), ('organizational', 'JJ'), ('structure', 'NN')]",Positive
"1. My manager and senior management are receptive to my suggestion and advise on improving efficiency and operational controls.

2. Management takes ownership of issues and takes proactive steps to fix it.","1. My manager and senior management are receptive to my suggestion and advise on improving efficiency and operational controls.

2. Management takes ownership of issues and takes proactive steps to fix it.","1 my manager and senior management are receptive to my suggestion and advise on improving efficiency and operational controls

2 management takes ownership of issues and takes proactive steps to fix it",1 manager senior management receptive suggestion advise improving efficiency operational controls 2 management takes ownership issues takes proactive steps fix,1 manager senior management receptive suggestion advise improving efficiency operational control 2 management take ownership issue take proactive step fix,"['1', 'manager', 'senior', 'management', 'receptive', 'suggestion', 'advise', 'improving', 'efficiency', 'operational', 'control', '2', 'management', 'take', 'ownership', 'issue', 'take', 'proactive', 'step', 'fix']","[('1', 'CD'), ('manager', 'NN'), ('senior', 'JJ'), ('management', 'NN'), ('receptive', 'JJ'), ('suggestion', 'NN'), ('advise', 'NN'), ('improving', 'VBG'), ('efficiency', 'JJ'), ('operational', 'JJ'), ('control', 'NN'), ('2', 'CD'), ('management', 'NN'), ('take', 'VB'), ('ownership', 'NN'), ('issue', 'NN'), ('take', 'VB'), ('proactive', 'JJ'), ('step', 'NN'), ('fix', 'NN')]",Positive
There are absolutely no pros in working for this bank!,There are absolutely no pros in working for this bank!,there are absolutely no pros in working for this bank,absolutely pros working bank,absolutely pro working bank,"['absolutely', 'pro', 'working', 'bank']","[('absolutely', 'RB'), ('pro', 'JJ'), ('working', 'VBG'), ('bank', 'NN')]",Negative
"Good family-based benefits, but depends on grade","Good family-based benefits, but depends on grade",good familybased benefits but depends on grade,good familybased benefits depends grade,good familybased benefit depends grade,"['good', 'familybased', 'benefit', 'depends', 'grade']","[('good', 'JJ'), ('familybased', 'VBD'), ('benefit', 'NN'), ('depends', 'NNS'), ('grade', 'VBP')]",Positive
growing bank with big vision,growing bank with big vision,growing bank with big vision,growing bank big vision,growing bank big vision,"['growing', 'bank', 'big', 'vision']","[('growing', 'VBG'), ('bank', 'NN'), ('big', 'JJ'), ('vision', 'NN')]",Positive
"Good people, solid management team, resourceful organization, plenty of opportunities to contribute","Good people, solid management team, resourceful organization, plenty of opportunities to contribute",good people solid management team resourceful organization plenty of opportunities to contribute,good people solid management team resourceful organization plenty opportunities contribute,good people solid management team resourceful organization plenty opportunity contribute,"['good', 'people', 'solid', 'management', 'team', 'resourceful', 'organization', 'plenty', 'opportunity', 'contribute']","[('good', 'JJ'), ('people', 'NNS'), ('solid', 'JJ'), ('management', 'NN'), ('team', 'NN'), ('resourceful', 'JJ'), ('organization', 'NN'), ('plenty', 'NN'), ('opportunity', 'NN'), ('contribute', 'NN')]",Positive
Really professional company and competitive salary packages.,Really professional company and competitive salary packages.,really professional company and competitive salary packages,really professional company competitive salary packages,really professional company competitive salary package,"['really', 'professional', 'company', 'competitive', 'salary', 'package']","[('really', 'RB'), ('professional', 'JJ'), ('company', 'NN'), ('competitive', 'JJ'), ('salary', 'JJ'), ('package', 'NN')]",Positive
"Innovative
Very challenging, fir IT The bank rely very much on the IT team, always there is something new to do","Innovative
Very challenging, fir IT The bank rely very much on the IT team, always there is something new to do","innovative
very challenging fir it the bank rely very much on the it team always there is something new to do",innovative challenging fir bank rely much team always something new,innovative challenging fir bank rely much team always something new,"['innovative', 'challenging', 'fir', 'bank', 'rely', 'much', 'team', 'always', 'something', 'new']","[('innovative', 'JJ'), ('challenging', 'VBG'), ('fir', 'JJ'), ('bank', 'NN'), ('rely', 'RB'), ('much', 'JJ'), ('team', 'NN'), ('always', 'RB'), ('something', 'NN'), ('new', 'JJ')]",Positive
#NAME?,#NAME?,name,name,name,['name'],"[('name', 'NN')]",Neutral
it is a very large and well reputed bank in middle east not in UAE ONLY since i had wit for more than 13 years in different departments and i was from founders,it is a very large and well reputed bank in middle east not in UAE ONLY since i had wit for more than 13 years in different departments and i was from founders,it is a very large and well reputed bank in middle east not in uae only since i had wit for more than 13 years in different departments and i was from founders,large well reputed bank middle east uae since wit 13 years different departments founders,large well reputed bank middle east uae since wit 13 year different department founder,"['large', 'well', 'reputed', 'bank', 'middle', 'east', 'uae', 'since', 'wit', '13', 'year', 'different', 'department', 'founder']","[('large', 'JJ'), ('well', 'RB'), ('reputed', 'JJ'), ('bank', 'NN'), ('middle', 'JJ'), ('east', 'JJ'), ('uae', 'JJ'), ('since', 'IN'), ('wit', 'NN'), ('13', 'CD'), ('year', 'NN'), ('different', 'JJ'), ('department', 'NN'), ('founder', 'NN')]",Positive
Best working environment/ supporting management/,Best working environment/ supporting management/,best working environment supporting management,best working environment supporting management,best working environment supporting management,"['best', 'working', 'environment', 'supporting', 'management']","[('best', 'JJS'), ('working', 'VBG'), ('environment', 'NN'), ('supporting', 'VBG'), ('management', 'NN')]",Positive
Friendly colleagues and the location of their branch is perfect.,Friendly colleagues and the location of their branch is perfect.,friendly colleagues and the location of their branch is perfect,friendly colleagues location branch perfect,friendly colleague location branch perfect,"['friendly', 'colleague', 'location', 'branch', 'perfect']","[('friendly', 'RB'), ('colleague', 'JJ'), ('location', 'NN'), ('branch', 'NN'), ('perfect', 'NN')]",Positive
"Very supportive Management Team, awesome IT team members.","Very supportive Management Team, awesome IT team members.",very supportive management team awesome it team members,supportive management team awesome team members,supportive management team awesome team member,"['supportive', 'management', 'team', 'awesome', 'team', 'member']","[('supportive', 'JJ'), ('management', 'NN'), ('team', 'NN'), ('awesome', 'JJ'), ('team', 'NN'), ('member', 'NN')]",Positive
"Freedom at work, work life balance,","Freedom at work, work life balance,",freedom at work work life balance,freedom work work life balance,freedom work work life balance,"['freedom', 'work', 'work', 'life', 'balance']","[('freedom', 'NN'), ('work', 'NN'), ('work', 'NN'), ('life', 'NN'), ('balance', 'NN')]",Positive
"Friendly staff, makes u feel as a family member","Friendly staff, makes u feel as a family member",friendly staff makes u feel as a family member,friendly staff makes u feel family member,friendly staff make u feel family member,"['friendly', 'staff', 'make', 'u', 'feel', 'family', 'member']","[('friendly', 'JJ'), ('staff', 'NN'), ('make', 'VBP'), ('u', 'JJ'), ('feel', 'VB'), ('family', 'NN'), ('member', 'NN')]",Positive
"You will get Experience

Team Friendly","You will get Experience

Team Friendly","you will get experience

team friendly",get experience team friendly,get experience team friendly,"['get', 'experience', 'team', 'friendly']","[('get', 'VB'), ('experience', 'NN'), ('team', 'NN'), ('friendly', 'RB')]",Positive
"Very co-operative staff

A good place to get focused and be the part of great company.

supportive and friendly staff, always encourages you to go beyond the goals.

A very good place to buildup your confidence in every life cycle.","Very co-operative staff

A good place to get focused and be the part of great company.

supportive and friendly staff, always encourages you to go beyond the goals.

A very good place to buildup your confidence in every life cycle.","very cooperative staff

a good place to get focused and be the part of great company

supportive and friendly staff always encourages you to go beyond the goals

a very good place to buildup your confidence in every life cycle",cooperative staff good place get focused part great company supportive friendly staff always encourages go beyond goals good place buildup confidence every life cycle,cooperative staff good place get focused part great company supportive friendly staff always encourages go beyond goal good place buildup confidence every life cycle,"['cooperative', 'staff', 'good', 'place', 'get', 'focused', 'part', 'great', 'company', 'supportive', 'friendly', 'staff', 'always', 'encourages', 'go', 'beyond', 'goal', 'good', 'place', 'buildup', 'confidence', 'every', 'life', 'cycle']","[('cooperative', 'JJ'), ('staff', 'NN'), ('good', 'JJ'), ('place', 'NN'), ('get', 'VBP'), ('focused', 'VBN'), ('part', 'NN'), ('great', 'JJ'), ('company', 'NN'), ('supportive', 'JJ'), ('friendly', 'JJ'), ('staff', 'NN'), ('always', 'RB'), ('encourages', 'VBZ'), ('go', 'VBP'), ('beyond', 'IN'), ('goal', 'NN'), ('good', 'JJ'), ('place', 'NN'), ('buildup', 'NN'), ('confidence', 'NN'), ('every', 'DT'), ('life', 'NN'), ('cycle', 'NN')]",Positive
"Great company, friendly staff. Great facilities and great location in AD","Great company, friendly staff. Great facilities and great location in AD",great company friendly staff great facilities and great location in ad,great company friendly staff great facilities great location ad,great company friendly staff great facility great location ad,"['great', 'company', 'friendly', 'staff', 'great', 'facility', 'great', 'location', 'ad']","[('great', 'JJ'), ('company', 'NN'), ('friendly', 'JJ'), ('staff', 'NN'), ('great', 'JJ'), ('facility', 'NN'), ('great', 'JJ'), ('location', 'NN'), ('ad', 'NN')]",Positive
One of the most powerful organization transformation in the Banking field.,One of the most powerful organization transformation in the Banking field.,one of the most powerful organization transformation in the banking field,one powerful organization transformation banking field,one powerful organization transformation banking field,"['one', 'powerful', 'organization', 'transformation', 'banking', 'field']","[('one', 'CD'), ('powerful', 'JJ'), ('organization', 'NN'), ('transformation', 'NN'), ('banking', 'NN'), ('field', 'NN')]",Positive
young bank with lots of career growth opportunities. The Bank is growing and encourages personal development and contribution to  its development...,young bank with lots of career growth opportunities. The Bank is growing and encourages personal development and contribution to  its development...,young bank with lots of career growth opportunities the bank is growing and encourages personal development and contribution to  its development,young bank lots career growth opportunities bank growing encourages personal development contribution development,young bank lot career growth opportunity bank growing encourages personal development contribution development,"['young', 'bank', 'lot', 'career', 'growth', 'opportunity', 'bank', 'growing', 'encourages', 'personal', 'development', 'contribution', 'development']","[('young', 'JJ'), ('bank', 'NN'), ('lot', 'NN'), ('career', 'NN'), ('growth', 'NN'), ('opportunity', 'NN'), ('bank', 'NN'), ('growing', 'VBG'), ('encourages', 'NNS'), ('personal', 'JJ'), ('development', 'NN'), ('contribution', 'NN'), ('development', 'NN')]",Positive
#NAME?,#NAME?,name,name,name,['name'],"[('name', 'NN')]",Neutral
"the company is known to provide both internal and external training to the employees, which will help in learning more about the aspects of the business.","the company is known to provide both internal and external training to the employees, which will help in learning more about the aspects of the business.",the company is known to provide both internal and external training to the employees which will help in learning more about the aspects of the business,company known provide internal external training employees help learning aspects business,company known provide internal external training employee help learning aspect business,"['company', 'known', 'provide', 'internal', 'external', 'training', 'employee', 'help', 'learning', 'aspect', 'business']","[('company', 'NN'), ('known', 'VBN'), ('provide', 'VBP'), ('internal', 'JJ'), ('external', 'JJ'), ('training', 'NN'), ('employee', 'NN'), ('help', 'NN'), ('learning', 'VBG'), ('aspect', 'JJ'), ('business', 'NN')]",Positive
it is very good to work in ADIB,it is very good to work in ADIB,it is very good to work in adib,good work adib,good work adib,"['good', 'work', 'adib']","[('good', 'JJ'), ('work', 'NN'), ('adib', 'NN')]",Positive
Good salaries (but only for a select few),Good salaries (but only for a select few),good salaries but only for a select few,good salaries select,good salary select,"['good', 'salary', 'select']","[('good', 'JJ'), ('salary', 'NN'), ('select', 'NN')]",Positive
such a satisfying and friendly environment.,such a satisfying and friendly environment.,such a satisfying and friendly environment,satisfying friendly environment,satisfying friendly environment,"['satisfying', 'friendly', 'environment']","[('satisfying', 'VBG'), ('friendly', 'JJ'), ('environment', 'NN')]",Positive
This company always take care of their employees.,This company always take care of their employees.,this company always take care of their employees,company always take care employees,company always take care employee,"['company', 'always', 'take', 'care', 'employee']","[('company', 'NN'), ('always', 'RB'), ('take', 'VBP'), ('care', 'NN'), ('employee', 'NN')]",Positive
"The pay, the commission","The pay, the commission",the pay the commission,pay commission,pay commission,"['pay', 'commission']","[('pay', 'NN'), ('commission', 'NN')]",Negative
"Good pay, a nice work atmosphere","Good pay, a nice work atmosphere",good pay a nice work atmosphere,good pay nice work atmosphere,good pay nice work atmosphere,"['good', 'pay', 'nice', 'work', 'atmosphere']","[('good', 'JJ'), ('pay', 'NN'), ('nice', 'JJ'), ('work', 'NN'), ('atmosphere', 'RB')]",Positive
Islamic Bank and a good opportunity to work in Islamic Banking. One of the fastest growing Banks in UAE,Islamic Bank and a good opportunity to work in Islamic Banking. One of the fastest growing Banks in UAE,islamic bank and a good opportunity to work in islamic banking one of the fastest growing banks in uae,islamic bank good opportunity work islamic banking one fastest growing banks uae,islamic bank good opportunity work islamic banking one fastest growing bank uae,"['islamic', 'bank', 'good', 'opportunity', 'work', 'islamic', 'banking', 'one', 'fastest', 'growing', 'bank', 'uae']","[('islamic', 'JJ'), ('bank', 'NN'), ('good', 'JJ'), ('opportunity', 'NN'), ('work', 'NN'), ('islamic', 'JJ'), ('banking', 'NN'), ('one', 'CD'), ('fastest', 'JJS'), ('growing', 'VBG'), ('bank', 'NN'), ('uae', 'NN')]",Positive
"good salary, good customer service","good salary, good customer service",good salary good customer service,good salary good customer service,good salary good customer service,"['good', 'salary', 'good', 'customer', 'service']","[('good', 'JJ'), ('salary', 'NN'), ('good', 'JJ'), ('customer', 'NN'), ('service', 'NN')]",Positive
"Learning is good, more over much diversified product offering in Islamic Finance.","Learning is good, more over much diversified product offering in Islamic Finance.",learning is good more over much diversified product offering in islamic finance,learning good much diversified product offering islamic finance,learning good much diversified product offering islamic finance,"['learning', 'good', 'much', 'diversified', 'product', 'offering', 'islamic', 'finance']","[('learning', 'VBG'), ('good', 'JJ'), ('much', 'RB'), ('diversified', 'JJ'), ('product', 'NN'), ('offering', 'NN'), ('islamic', 'JJ'), ('finance', 'NN')]",Positive
Great experience for building a career,Great experience for building a career,great experience for building a career,great experience building career,great experience building career,"['great', 'experience', 'building', 'career']","[('great', 'JJ'), ('experience', 'NN'), ('building', 'NN'), ('career', 'NN')]",Positive
"is a good look on your cv,especially for fresh grads.","is a good look on your cv,especially for fresh grads.",is a good look on your cvespecially for fresh grads,good look cvespecially fresh grads,good look cvespecially fresh grad,"['good', 'look', 'cvespecially', 'fresh', 'grad']","[('good', 'JJ'), ('look', 'NN'), ('cvespecially', 'RB'), ('fresh', 'JJ'), ('grad', 'NN')]",Positive
Good friends there and good money ADIB staff,Good friends there and good money ADIB staff,good friends there and good money adib staff,good friends good money adib staff,good friend good money adib staff,"['good', 'friend', 'good', 'money', 'adib', 'staff']","[('good', 'JJ'), ('friend', 'NN'), ('good', 'JJ'), ('money', 'NN'), ('adib', 'NN'), ('staff', 'NN')]",Positive
"?	Software Development using .NET Framework.

?	Part of the Application Deployment/Troubleshooting Team.

?	Member of the Requirements Collection /Analysis Team.

?	Problem Resolution by Understanding of key business processes and IT support processes.","?	Software Development using .NET Framework.

?	Part of the Application Deployment/Troubleshooting Team.

?	Member of the Requirements Collection /Analysis Team.

?	Problem Resolution by Understanding of key business processes and IT support processes.","	software development using net framework

	part of the application deploymenttroubleshooting team

	member of the requirements collection analysis team

	problem resolution by understanding of key business processes and it support processes",software development using net framework part application deploymenttroubleshooting team member requirements collection analysis team problem resolution understanding key business processes support processes,software development using net framework part application deploymenttroubleshooting team member requirement collection analysis team problem resolution understanding key business process support process,"['software', 'development', 'using', 'net', 'framework', 'part', 'application', 'deploymenttroubleshooting', 'team', 'member', 'requirement', 'collection', 'analysis', 'team', 'problem', 'resolution', 'understanding', 'key', 'business', 'process', 'support', 'process']","[('software', 'NN'), ('development', 'NN'), ('using', 'VBG'), ('net', 'JJ'), ('framework', 'NN'), ('part', 'NN'), ('application', 'NN'), ('deploymenttroubleshooting', 'VBG'), ('team', 'NN'), ('member', 'NN'), ('requirement', 'NN'), ('collection', 'NN'), ('analysis', 'NN'), ('team', 'NN'), ('problem', 'NN'), ('resolution', 'NN'), ('understanding', 'VBG'), ('key', 'JJ'), ('business', 'NN'), ('process', 'NN'), ('support', 'NN'), ('process', 'NN')]",Neutral
"Great environment
Always guiding me as an intern","Great environment
Always guiding me as an intern","great environment
always guiding me as an intern",great environment always guiding intern,great environment always guiding intern,"['great', 'environment', 'always', 'guiding', 'intern']","[('great', 'JJ'), ('environment', 'NN'), ('always', 'RB'), ('guiding', 'VBG'), ('intern', 'JJ')]",Positive
Learnt alot abou banking sector,Learnt alot abou banking sector,learnt alot abou banking sector,learnt alot abou banking sector,learnt alot abou banking sector,"['learnt', 'alot', 'abou', 'banking', 'sector']","[('learnt', 'NN'), ('alot', 'NN'), ('abou', 'IN'), ('banking', 'NN'), ('sector', 'NN')]",Neutral
"competitive benefits such as salary, medical etc","competitive benefits such as salary, medical etc",competitive benefits such as salary medical etc,competitive benefits salary medical etc,competitive benefit salary medical etc,"['competitive', 'benefit', 'salary', 'medical', 'etc']","[('competitive', 'JJ'), ('benefit', 'NN'), ('salary', 'JJ'), ('medical', 'JJ'), ('etc', 'NN')]",Positive
"Corporative work environment 
Friendly environment","Corporative work environment 
Friendly environment","corporative work environment 
friendly environment",corporative work environment friendly environment,corporative work environment friendly environment,"['corporative', 'work', 'environment', 'friendly', 'environment']","[('corporative', 'JJ'), ('work', 'NN'), ('environment', 'NN'), ('friendly', 'JJ'), ('environment', 'NN')]",Positive
Good place for internships overall,Good place for internships overall,good place for internships overall,good place internships overall,good place internship overall,"['good', 'place', 'internship', 'overall']","[('good', 'JJ'), ('place', 'NN'), ('internship', 'NN'), ('overall', 'JJ')]",Positive
Positive work culture and very modern office,Positive work culture and very modern office,positive work culture and very modern office,positive work culture modern office,positive work culture modern office,"['positive', 'work', 'culture', 'modern', 'office']","[('positive', 'JJ'), ('work', 'NN'), ('culture', 'NN'), ('modern', 'JJ'), ('office', 'NN')]",Positive
"People were very nice and welcoming.

Rotations allowed me to get a better understanding of the different roles in the Finance Department.","People were very nice and welcoming.

Rotations allowed me to get a better understanding of the different roles in the Finance Department.","people were very nice and welcoming

rotations allowed me to get a better understanding of the different roles in the finance department",people nice welcoming rotations allowed get better understanding different roles finance department,people nice welcoming rotation allowed get better understanding different role finance department,"['people', 'nice', 'welcoming', 'rotation', 'allowed', 'get', 'better', 'understanding', 'different', 'role', 'finance', 'department']","[('people', 'NNS'), ('nice', 'JJ'), ('welcoming', 'VBG'), ('rotation', 'NN'), ('allowed', 'VBD'), ('get', 'VB'), ('better', 'RBR'), ('understanding', 'JJ'), ('different', 'JJ'), ('role', 'NN'), ('finance', 'NN'), ('department', 'NN')]",Positive
"good job, central location and good exposure","good job, central location and good exposure",good job central location and good exposure,good job central location good exposure,good job central location good exposure,"['good', 'job', 'central', 'location', 'good', 'exposure']","[('good', 'JJ'), ('job', 'NN'), ('central', 'JJ'), ('location', 'NN'), ('good', 'JJ'), ('exposure', 'NN')]",Positive
Hands on experience that was very helpful,Hands on experience that was very helpful,hands on experience that was very helpful,hands experience helpful,hand experience helpful,"['hand', 'experience', 'helpful']","[('hand', 'NN'), ('experience', 'NN'), ('helpful', 'NN')]",Positive
Colleagues cared deeply about their job,Colleagues cared deeply about their job,colleagues cared deeply about their job,colleagues cared deeply job,colleague cared deeply job,"['colleague', 'cared', 'deeply', 'job']","[('colleague', 'NN'), ('cared', 'VBD'), ('deeply', 'RB'), ('job', 'NN')]",Positive
great work environment and increased formality in the working system.,great work environment and increased formality in the working system.,great work environment and increased formality in the working system,great work environment increased formality working system,great work environment increased formality working system,"['great', 'work', 'environment', 'increased', 'formality', 'working', 'system']","[('great', 'JJ'), ('work', 'NN'), ('environment', 'NN'), ('increased', 'VBD'), ('formality', 'NN'), ('working', 'VBG'), ('system', 'NN')]",Positive
"Clear work requirements, and short working hours","Clear work requirements, and short working hours",clear work requirements and short working hours,clear work requirements short working hours,clear work requirement short working hour,"['clear', 'work', 'requirement', 'short', 'working', 'hour']","[('clear', 'JJ'), ('work', 'NN'), ('requirement', 'NN'), ('short', 'JJ'), ('working', 'VBG'), ('hour', 'NN')]",Positive
"Good salary package, balance work life","Good salary package, balance work life",good salary package balance work life,good salary package balance work life,good salary package balance work life,"['good', 'salary', 'package', 'balance', 'work', 'life']","[('good', 'JJ'), ('salary', 'JJ'), ('package', 'NN'), ('balance', 'NN'), ('work', 'NN'), ('life', 'NN')]",Positive
Good environment to work in,Good environment to work in,good environment to work in,good environment work,good environment work,"['good', 'environment', 'work']","[('good', 'JJ'), ('environment', 'NN'), ('work', 'NN')]",Positive
good environment of working with people,good environment of working with people,good environment of working with people,good environment working people,good environment working people,"['good', 'environment', 'working', 'people']","[('good', 'JJ'), ('environment', 'NN'), ('working', 'VBG'), ('people', 'NNS')]",Positive
best for all kinds of people,best for all kinds of people,best for all kinds of people,best kinds people,best kind people,"['best', 'kind', 'people']","[('best', 'JJS'), ('kind', 'NN'), ('people', 'NNS')]",Positive
"High Stability where 99% you will not leave ubless they tell you that you are coming for one project only .

Good environment to learn &amp; to meet experienced people in every technical and business department. 

Good work life balance as you will not get much stress and after business hours you will get 90% chilling time .

Many free courses online ans in academies to grow .","High Stability where 99% you will not leave ubless they tell you that you are coming for one project only .

Good environment to learn &amp; to meet experienced people in every technical and business department. 

Good work life balance as you will not get much stress and after business hours you will get 90% chilling time .

Many free courses online ans in academies to grow .","high stability where 99 you will not leave ubless they tell you that you are coming for one project only 

good environment to learn amp to meet experienced people in every technical and business department 

good work life balance as you will not get much stress and after business hours you will get 90 chilling time 

many free courses online ans in academies to grow ",high stability 99 leave ubless tell coming one project good environment learn amp meet experienced people every technical business department good work life balance get much stress business hours get 90 chilling time many free courses online ans academies grow,high stability 99 leave ubless tell coming one project good environment learn amp meet experienced people every technical business department good work life balance get much stress business hour get 90 chilling time many free course online an academy grow,"['high', 'stability', '99', 'leave', 'ubless', 'tell', 'coming', 'one', 'project', 'good', 'environment', 'learn', 'amp', 'meet', 'experienced', 'people', 'every', 'technical', 'business', 'department', 'good', 'work', 'life', 'balance', 'get', 'much', 'stress', 'business', 'hour', 'get', '90', 'chilling', 'time', 'many', 'free', 'course', 'online', 'an', 'academy', 'grow']","[('high', 'JJ'), ('stability', 'NN'), ('99', 'CD'), ('leave', 'JJ'), ('ubless', 'JJ'), ('tell', 'NN'), ('coming', 'VBG'), ('one', 'CD'), ('project', 'NN'), ('good', 'JJ'), ('environment', 'NN'), ('learn', 'NN'), ('amp', 'IN'), ('meet', 'NN'), ('experienced', 'JJ'), ('people', 'NNS'), ('every', 'DT'), ('technical', 'JJ'), ('business', 'NN'), ('department', 'NN'), ('good', 'JJ'), ('work', 'NN'), ('life', 'NN'), ('balance', 'NN'), ('get', 'VB'), ('much', 'JJ'), ('stress', 'NN'), ('business', 'NN'), ('hour', 'NN'), ('get', 'VBP'), ('90', 'CD'), ('chilling', 'JJ'), ('time', 'NN'), ('many', 'JJ'), ('free', 'JJ'), ('course', 'NN'), ('online', 'VBP'), ('an', 'DT'), ('academy', 'NN'), ('grow', 'NN')]",Positive
Company provides all the good facilities to their Staff,Company provides all the good facilities to their Staff,company provides all the good facilities to their staff,company provides good facilities staff,company provides good facility staff,"['company', 'provides', 'good', 'facility', 'staff']","[('company', 'NN'), ('provides', 'VBZ'), ('good', 'JJ'), ('facility', 'NN'), ('staff', 'NN')]",Positive
You will learn alot for your new ventures.,You will learn alot for your new ventures.,you will learn alot for your new ventures,learn alot new ventures,learn alot new venture,"['learn', 'alot', 'new', 'venture']","[('learn', 'NN'), ('alot', 'NN'), ('new', 'JJ'), ('venture', 'NN')]",Neutral
Good bank with good technologies,Good bank with good technologies,good bank with good technologies,good bank good technologies,good bank good technology,"['good', 'bank', 'good', 'technology']","[('good', 'JJ'), ('bank', 'NN'), ('good', 'JJ'), ('technology', 'NN')]",Positive
One of the big Islamic banks in UAE and the region.,One of the big Islamic banks in UAE and the region.,one of the big islamic banks in uae and the region,one big islamic banks uae region,one big islamic bank uae region,"['one', 'big', 'islamic', 'bank', 'uae', 'region']","[('one', 'CD'), ('big', 'JJ'), ('islamic', 'JJ'), ('bank', 'NN'), ('uae', 'JJ'), ('region', 'NN')]",Neutral
it good company to work,it good company to work,it good company to work,good company work,good company work,"['good', 'company', 'work']","[('good', 'JJ'), ('company', 'NN'), ('work', 'NN')]",Positive
Literally zero pros for this place,Literally zero pros for this place,literally zero pros for this place,literally zero pros place,literally zero pro place,"['literally', 'zero', 'pro', 'place']","[('literally', 'RB'), ('zero', 'CD'), ('pro', 'JJ'), ('place', 'NN')]",Neutral
"Islamic banking , incentive , Less Pressure ,working hours , flexible","Islamic banking , incentive , Less Pressure ,working hours , flexible",islamic banking  incentive  less pressure working hours  flexible,islamic banking incentive less pressure working hours flexible,islamic banking incentive less pressure working hour flexible,"['islamic', 'banking', 'incentive', 'less', 'pressure', 'working', 'hour', 'flexible']","[('islamic', 'JJ'), ('banking', 'NN'), ('incentive', 'NN'), ('less', 'JJR'), ('pressure', 'NN'), ('working', 'VBG'), ('hour', 'NN'), ('flexible', 'JJ')]",Positive
"Good environment, best nature to work","Good environment, best nature to work",good environment best nature to work,good environment best nature work,good environment best nature work,"['good', 'environment', 'best', 'nature', 'work']","[('good', 'JJ'), ('environment', 'NN'), ('best', 'JJS'), ('nature', 'NN'), ('work', 'NN')]",Positive
Very Bad bank in uae,Very Bad bank in uae,very bad bank in uae,bad bank uae,bad bank uae,"['bad', 'bank', 'uae']","[('bad', 'JJ'), ('bank', 'NN'), ('uae', 'NN')]",Negative
"Good salaries 

Good experience 

Modern environment","Good salaries 

Good experience 

Modern environment","good salaries 

good experience 

modern environment",good salaries good experience modern environment,good salary good experience modern environment,"['good', 'salary', 'good', 'experience', 'modern', 'environment']","[('good', 'JJ'), ('salary', 'JJ'), ('good', 'JJ'), ('experience', 'NN'), ('modern', 'JJ'), ('environment', 'NN')]",Positive
very diverted environment and equal,very diverted environment and equal,very diverted environment and equal,diverted environment equal,diverted environment equal,"['diverted', 'environment', 'equal']","[('diverted', 'VBN'), ('environment', 'NN'), ('equal', 'JJ')]",Neutral
Leading UAE Islamic Bank stable balancesheet,Leading UAE Islamic Bank stable balancesheet,leading uae islamic bank stable balancesheet,leading uae islamic bank stable balancesheet,leading uae islamic bank stable balancesheet,"['leading', 'uae', 'islamic', 'bank', 'stable', 'balancesheet']","[('leading', 'VBG'), ('uae', 'JJ'), ('islamic', 'JJ'), ('bank', 'NN'), ('stable', 'JJ'), ('balancesheet', 'NN')]",Positive
"Large Bank - a lot of branches in the middle-east, growing fast across various countries also, potential to grow as the bank grows.","Large Bank - a lot of branches in the middle-east, growing fast across various countries also, potential to grow as the bank grows.",large bank  a lot of branches in the middleeast growing fast across various countries also potential to grow as the bank grows,large bank lot branches middleeast growing fast across various countries also potential grow bank grows,large bank lot branch middleeast growing fast across various country also potential grow bank grows,"['large', 'bank', 'lot', 'branch', 'middleeast', 'growing', 'fast', 'across', 'various', 'country', 'also', 'potential', 'grow', 'bank', 'grows']","[('large', 'JJ'), ('bank', 'NN'), ('lot', 'NN'), ('branch', 'IN'), ('middleeast', 'FW'), ('growing', 'VBG'), ('fast', 'RB'), ('across', 'IN'), ('various', 'JJ'), ('country', 'NN'), ('also', 'RB'), ('potential', 'JJ'), ('grow', 'NN'), ('bank', 'NN'), ('grows', 'NNS')]",Positive
good environment with a helpful colleagues,good environment with a helpful colleagues,good environment with a helpful colleagues,good environment helpful colleagues,good environment helpful colleague,"['good', 'environment', 'helpful', 'colleague']","[('good', 'JJ'), ('environment', 'NN'), ('helpful', 'NN'), ('colleague', 'NN')]",Positive
"The staff there are great, they are polite, quirky and know their stuff","The staff there are great, they are polite, quirky and know their stuff",the staff there are great they are polite quirky and know their stuff,staff great polite quirky know stuff,staff great polite quirky know stuff,"['staff', 'great', 'polite', 'quirky', 'know', 'stuff']","[('staff', 'NN'), ('great', 'JJ'), ('polite', 'JJ'), ('quirky', 'NN'), ('know', 'VBP'), ('stuff', 'NN')]",Positive
Best of all the way,Best of all the way,best of all the way,best way,best way,"['best', 'way']","[('best', 'JJS'), ('way', 'NN')]",Positive
"great, so much great bro","great, so much great bro",great so much great bro,great much great bro,great much great bro,"['great', 'much', 'great', 'bro']","[('great', 'JJ'), ('much', 'JJ'), ('great', 'JJ'), ('bro', 'NN')]",Positive
Good opportunity to start your career,Good opportunity to start your career,good opportunity to start your career,good opportunity start career,good opportunity start career,"['good', 'opportunity', 'start', 'career']","[('good', 'JJ'), ('opportunity', 'NN'), ('start', 'VBP'), ('career', 'NN')]",Positive
